shipment_id,order_id,line_number,product_id,quantity,carrier_name,transportation_mode,planned_ship_date,actual_ship_timestamp,expected_ship_date,actual_arrival_timestamp,delivery_status
SEI-road-20250102-001,ORD-000707,1,SWN-RP6,1,西濃運輸,road,2025-01-02,2025-01-03 04:12:18,2025-01-02,2025-01-05 13:05:18,delivered
SEI-road-20250102-001,ORD-000707,2,FRD-GB5,1,西濃運輸,road,2025-01-02,2025-01-03 04:12:18,2025-01-02,2025-01-05 13:05:18,delivered
SEI-road-20250107-001,ORD-000710,1,VZL-RV3,1,西濃運輸,road,2025-01-07,2025-01-07 23:14:18,2025-01-07,2025-01-11 12:29:18,delayed
YML-sea-20250101-001,ORD-000711,1,VZL-RV3,2,ヤマトロジスティクス,sea,2025-01-01,2025-01-01 23:40:25,2025-01-01,2025-01-08 15:48:25,delivered
YML-road-20250106-001,ORD-000711,1,VZL-RV3,3,ヤマトロジスティクス,road,2025-01-06,2025-01-06 20:56:25,2025-01-06,2025-01-10 06:31:25,delivered
HNT-road-20250101-001,ORD-000712,1,VZL-RV3,1,ホンダトランスポート,road,2025-01-01,2025-01-02 07:49:33,2025-01-01,2025-01-04 18:24:33,delivered
HNT-air-20250107-001,ORD-000712,1,VZL-RV3,1,ホンダトランスポート,air,2025-01-07,2025-01-08 09:14:33,2025-01-07,2025-01-13 17:25:33,delayed
NPL-sea-20250108-001,ORD-000713,1,FRD-GB5,3,日本通運,sea,2025-01-08,2025-01-08 22:03:40,2025-01-08,2025-01-15 11:27:40,delivered
NPL-sea-20250108-001,ORD-000713,2,HDE-ZC1,1,日本通運,sea,2025-01-08,2025-01-08 22:03:40,2025-01-08,2025-01-15 11:27:40,delivered
NPL-sea-20250108-001,ORD-000713,3,ZRV-RZ3,1,日本通運,sea,2025-01-08,2025-01-08 22:03:40,2025-01-08,2025-01-15 11:27:40,delivered
HNT-sea-20250108-001,ORD-000713,1,FRD-GB5,3,ホンダトランスポート,sea,2025-01-08,2025-01-09 03:46:40,2025-01-08,2025-01-15 21:37:40,delivered
HNT-sea-20250108-001,ORD-000713,2,HDE-ZC1,1,ホンダトランスポート,sea,2025-01-08,2025-01-09 03:46:40,2025-01-08,2025-01-15 21:37:40,delivered
HNT-sea-20250108-001,ORD-000713,3,ZRV-RZ3,1,ホンダトランスポート,sea,2025-01-08,2025-01-09 03:46:40,2025-01-08,2025-01-15 21:37:40,delivered
SEI-road-20250105-001,ORD-000714,3,HDE-ZC1,1,西濃運輸,road,2025-01-05,2025-01-05 23:35:38,2025-01-05,2025-01-11 09:03:38,delayed
NPL-road-20250107-001,ORD-000714,1,VZL-RV3,1,日本通運,road,2025-01-07,2025-01-08 00:13:38,2025-01-07,2025-01-14 10:29:38,delayed
NPL-road-20250107-001,ORD-000714,2,SWN-RP6,1,日本通運,road,2025-01-07,2025-01-08 00:13:38,2025-01-07,2025-01-14 10:29:38,delayed
NPL-road-20250107-001,ORD-000714,3,HDE-ZC1,1,日本通運,road,2025-01-07,2025-01-08 00:13:38,2025-01-07,2025-01-14 10:29:38,delayed
HNL-air-20250110-001,ORD-000715,1,FIT-GR3,8,ホンダロジスティクス,air,2025-01-10,2025-01-10 22:19:14,2025-01-10,2025-01-14 14:12:14,delivered
HNL-road-20250118-001,ORD-000716,1,NOE-JG4,2,ホンダロジスティクス,road,2025-01-18,2025-01-19 02:47:45,2025-01-18,2025-01-22 16:41:45,delivered
SEI-road-20250124-001,ORD-000716,1,NOE-JG4,2,西濃運輸,road,2025-01-24,2025-01-25 00:18:45,2025-01-24,2025-01-31 10:40:45,delayed
SEI-road-20250124-001,ORD-000716,2,FRD-GB5,1,西濃運輸,road,2025-01-24,2025-01-25 00:18:45,2025-01-24,2025-01-31 10:40:45,delayed
SEI-road-20250124-001,ORD-000716,3,ZRV-RZ3,1,西濃運輸,road,2025-01-24,2025-01-25 00:18:45,2025-01-24,2025-01-31 10:40:45,delayed
SEI-air-20250111-001,ORD-000717,1,VZL-RV3,2,西濃運輸,air,2025-01-11,2025-01-11 21:11:47,2025-01-11,2025-01-18 12:10:47,delayed
SEI-air-20250111-001,ORD-000717,2,SWN-RP6,2,西濃運輸,air,2025-01-11,2025-01-11 21:11:47,2025-01-11,2025-01-18 12:10:47,delayed
SEI-air-20250111-001,ORD-000717,3,FIT-GR3,1,西濃運輸,air,2025-01-11,2025-01-11 21:11:47,2025-01-11,2025-01-18 12:10:47,delayed
HNT-road-20250119-001,ORD-000718,1,SWN-RP6,2,ホンダトランスポート,road,2025-01-19,2025-01-20 00:51:35,2025-01-19,2025-01-26 14:54:35,delayed
HNT-road-20250119-001,ORD-000718,3,VZL-RV3,1,ホンダトランスポート,road,2025-01-19,2025-01-20 00:51:35,2025-01-19,2025-01-26 14:54:35,delayed
HNL-road-20250117-001,ORD-000718,1,SWN-RP6,3,ホンダロジスティクス,road,2025-01-17,2025-01-18 00:00:35,2025-01-17,2025-01-23 11:13:35,delayed
HNL-road-20250117-001,ORD-000718,2,ZRV-RZ3,1,ホンダロジスティクス,road,2025-01-17,2025-01-18 00:00:35,2025-01-17,2025-01-23 11:13:35,delayed
HNL-road-20250117-001,ORD-000718,3,VZL-RV3,2,ホンダロジスティクス,road,2025-01-17,2025-01-18 00:00:35,2025-01-17,2025-01-23 11:13:35,delayed
HNL-sea-20250116-001,ORD-000719,1,FIT-GR3,10,ホンダロジスティクス,sea,2025-01-16,2025-01-16 23:21:00,2025-01-16,2025-01-20 09:41:00,delivered
HNT-air-20250123-001,ORD-000720,1,HDE-ZC1,1,ホンダトランスポート,air,2025-01-23,2025-01-23 18:01:24,2025-01-23,2025-01-29 02:57:24,delivered
HNT-air-20250123-001,ORD-000720,2,VZL-RV3,1,ホンダトランスポート,air,2025-01-23,2025-01-23 18:01:24,2025-01-23,2025-01-29 02:57:24,delivered
HNT-air-20250129-001,ORD-000721,1,SWN-RP6,1,ホンダトランスポート,air,2025-01-29,2025-01-30 03:44:14,2025-01-29,2025-02-03 19:04:14,delayed
HNT-air-20250129-001,ORD-000721,2,NOE-JG4,2,ホンダトランスポート,air,2025-01-29,2025-01-30 03:44:14,2025-01-29,2025-02-03 19:04:14,delayed
HNT-air-20250129-001,ORD-000721,3,FRD-GB5,1,ホンダトランスポート,air,2025-01-29,2025-01-30 03:44:14,2025-01-29,2025-02-03 19:04:14,delayed
NPL-road-20250128-001,ORD-000721,1,SWN-RP6,1,日本通運,road,2025-01-28,2025-01-28 23:48:14,2025-01-28,2025-01-31 09:39:14,delivered
NPL-road-20250128-001,ORD-000721,2,NOE-JG4,2,日本通運,road,2025-01-28,2025-01-28 23:48:14,2025-01-28,2025-01-31 09:39:14,delivered
NPL-road-20250128-001,ORD-000721,3,FRD-GB5,1,日本通運,road,2025-01-28,2025-01-28 23:48:14,2025-01-28,2025-01-31 09:39:14,delivered
YML-road-20250120-001,ORD-000722,1,SWN-RP6,1,ヤマトロジスティクス,road,2025-01-20,2025-01-21 09:21:45,2025-01-20,2025-01-26 01:29:45,delayed
YML-road-20250120-001,ORD-000722,2,HDE-ZC1,3,ヤマトロジスティクス,road,2025-01-20,2025-01-21 09:21:45,2025-01-20,2025-01-26 01:29:45,delayed
HNT-air-20250124-001,ORD-000722,1,SWN-RP6,1,ホンダトランスポート,air,2025-01-24,2025-01-25 06:33:45,2025-01-24,2025-01-28 23:32:45,delayed
HNT-air-20250124-001,ORD-000722,2,HDE-ZC1,4,ホンダトランスポート,air,2025-01-24,2025-01-25 06:33:45,2025-01-24,2025-01-28 23:32:45,delayed
HNL-sea-20250201-001,ORD-000723,1,ZRV-RZ3,1,ホンダロジスティクス,sea,2025-02-01,2025-02-01 23:01:40,2025-02-01,2025-02-03 11:16:40,delivered
HNL-sea-20250201-001,ORD-000723,2,FIT-GR3,1,ホンダロジスティクス,sea,2025-02-01,2025-02-01 23:01:40,2025-02-01,2025-02-03 11:16:40,delivered
HNT-air-20250124-002,ORD-000724,1,FRD-GB5,2,ホンダトランスポート,air,2025-01-24,2025-01-25 03:35:13,2025-01-24,2025-01-26 12:58:13,delivered
SEI-road-20250121-001,ORD-000724,1,FRD-GB5,2,西濃運輸,road,2025-01-21,2025-01-22 03:28:13,2025-01-21,2025-01-28 11:33:13,delivered
NPL-road-20250123-001,ORD-000724,1,FRD-GB5,4,日本通運,road,2025-01-23,2025-01-23 19:33:13,2025-01-23,2025-01-25 08:34:13,delivered
YML-road-20250124-001,ORD-000725,1,SWN-RP6,1,ヤマトロジスティクス,road,2025-01-24,2025-01-25 00:58:01,2025-01-24,2025-01-27 16:44:01,delivered
YML-road-20250125-001,ORD-000725,1,SWN-RP6,1,ヤマトロジスティクス,road,2025-01-25,2025-01-25 20:01:01,2025-01-25,2025-01-30 10:38:01,delivered
SEI-air-20250203-001,ORD-000725,1,SWN-RP6,1,西濃運輸,air,2025-02-03,2025-02-03 19:05:01,2025-02-03,2025-02-07 03:21:01,delayed
SEI-air-20250203-001,ORD-000725,2,FRD-GB5,1,西濃運輸,air,2025-02-03,2025-02-03 19:05:01,2025-02-03,2025-02-07 03:21:01,delayed
SEI-air-20250203-001,ORD-000725,3,FIT-GR3,1,西濃運輸,air,2025-02-03,2025-02-03 19:05:01,2025-02-03,2025-02-07 03:21:01,delayed
SEI-sea-20250129-001,ORD-000726,1,SWN-RP6,2,西濃運輸,sea,2025-01-29,2025-01-29 22:35:28,2025-01-29,2025-02-02 15:27:28,delivered
SEI-sea-20250129-001,ORD-000726,2,ZRV-RZ3,2,西濃運輸,sea,2025-01-29,2025-01-29 22:35:28,2025-01-29,2025-02-02 15:27:28,delivered
SEI-air-20250127-001,ORD-000726,1,SWN-RP6,2,西濃運輸,air,2025-01-27,2025-01-27 20:36:28,2025-01-27,2025-02-01 04:43:28,delivered
SEI-air-20250127-001,ORD-000726,2,ZRV-RZ3,3,西濃運輸,air,2025-01-27,2025-01-27 20:36:28,2025-01-27,2025-02-01 04:43:28,delivered
HNL-air-20250205-001,ORD-000727,1,ZRV-RZ3,3,ホンダロジスティクス,air,2025-02-05,2025-02-05 17:25:29,2025-02-05,2025-02-12 07:39:29,delayed
HNL-air-20250205-001,ORD-000727,2,SWN-RP6,1,ホンダロジスティクス,air,2025-02-05,2025-02-05 17:25:29,2025-02-05,2025-02-12 07:39:29,delayed
YML-road-20250207-001,ORD-000727,1,ZRV-RZ3,4,ヤマトロジスティクス,road,2025-02-07,2025-02-07 17:44:29,2025-02-07,2025-02-14 02:50:29,delayed
YML-road-20250207-001,ORD-000727,2,SWN-RP6,2,ヤマトロジスティクス,road,2025-02-07,2025-02-07 17:44:29,2025-02-07,2025-02-14 02:50:29,delayed
NPL-sea-20250202-001,ORD-000728,1,VZL-RV3,5,日本通運,sea,2025-02-02,2025-02-02 20:08:28,2025-02-02,2025-02-05 12:56:28,delivered
HNT-air-20250130-001,ORD-000728,1,VZL-RV3,5,ホンダトランスポート,air,2025-01-30,2025-01-30 19:42:28,2025-01-30,2025-02-05 07:44:28,delivered
SEI-road-20250205-001,ORD-000729,1,SWN-RP6,3,西濃運輸,road,2025-02-05,2025-02-06 00:51:34,2025-02-05,2025-02-08 15:53:34,delivered
SEI-sea-20250206-001,ORD-000729,1,SWN-RP6,3,西濃運輸,sea,2025-02-06,2025-02-06 20:36:34,2025-02-06,2025-02-13 05:39:34,delivered
SEI-air-20250205-001,ORD-000729,1,SWN-RP6,4,西濃運輸,air,2025-02-05,2025-02-05 22:30:34,2025-02-05,2025-02-08 11:48:34,delivered
YML-road-20250205-001,ORD-000730,1,SWN-RP6,1,ヤマトロジスティクス,road,2025-02-05,2025-02-05 23:06:23,2025-02-05,2025-02-09 08:21:23,delivered
YML-road-20250205-001,ORD-000730,2,HDE-ZC1,1,ヤマトロジスティクス,road,2025-02-05,2025-02-05 23:06:23,2025-02-05,2025-02-09 08:21:23,delivered
HNL-sea-20250205-001,ORD-000731,1,ENP-ENP1,5,ホンダロジスティクス,sea,2025-02-05,2025-02-05 16:50:56,2025-02-05,2025-02-11 08:34:56,delayed
HNL-sea-20250205-001,ORD-000731,2,PRO-ZC5,6,ホンダロジスティクス,sea,2025-02-05,2025-02-05 16:50:56,2025-02-05,2025-02-11 08:34:56,delayed
HNT-sea-20250207-001,ORD-000731,1,ENP-ENP1,5,ホンダトランスポート,sea,2025-02-07,2025-02-07 22:13:56,2025-02-07,2025-02-10 07:47:56,delivered
HNT-sea-20250207-001,ORD-000731,2,PRO-ZC5,7,ホンダトランスポート,sea,2025-02-07,2025-02-07 22:13:56,2025-02-07,2025-02-10 07:47:56,delivered
NPL-road-20250209-001,ORD-000732,1,ENP-ENP1,7,日本通運,road,2025-02-09,2025-02-09 20:54:25,2025-02-09,2025-02-15 07:57:25,delayed
NPL-road-20250209-001,ORD-000732,2,RDG-YF6,6,日本通運,road,2025-02-09,2025-02-09 20:54:25,2025-02-09,2025-02-15 07:57:25,delayed
NPL-road-20250209-001,ORD-000732,3,ODY-RC1,1,日本通運,road,2025-02-09,2025-02-09 20:54:25,2025-02-09,2025-02-15 07:57:25,delayed
NPL-road-20250209-001,ORD-000732,4,PRO-ZC5,1,日本通運,road,2025-02-09,2025-02-09 20:54:25,2025-02-09,2025-02-15 07:57:25,delayed
NPL-sea-20250208-001,ORD-000732,1,ENP-ENP1,7,日本通運,sea,2025-02-08,2025-02-09 00:08:25,2025-02-08,2025-02-15 08:34:25,delayed
NPL-sea-20250208-001,ORD-000732,2,RDG-YF6,6,日本通運,sea,2025-02-08,2025-02-09 00:08:25,2025-02-08,2025-02-15 08:34:25,delayed
NPL-sea-20250208-001,ORD-000732,3,ODY-RC1,1,日本通運,sea,2025-02-08,2025-02-09 00:08:25,2025-02-08,2025-02-15 08:34:25,delayed
NPL-sea-20250208-001,ORD-000732,4,PRO-ZC5,1,日本通運,sea,2025-02-08,2025-02-09 00:08:25,2025-02-08,2025-02-15 08:34:25,delayed
SEI-sea-20250203-001,ORD-000732,1,ENP-ENP1,7,西濃運輸,sea,2025-02-03,2025-02-03 21:44:25,2025-02-03,2025-02-09 06:06:25,delivered
SEI-sea-20250203-001,ORD-000732,2,RDG-YF6,7,西濃運輸,sea,2025-02-03,2025-02-03 21:44:25,2025-02-03,2025-02-09 06:06:25,delivered
SEI-sea-20250203-001,ORD-000732,3,ODY-RC1,3,西濃運輸,sea,2025-02-03,2025-02-03 21:44:25,2025-02-03,2025-02-09 06:06:25,delivered
SEI-sea-20250203-001,ORD-000732,4,PRO-ZC5,3,西濃運輸,sea,2025-02-03,2025-02-03 21:44:25,2025-02-03,2025-02-09 06:06:25,delivered
SEI-air-20250205-002,ORD-000733,1,ENP-ENP1,8,西濃運輸,air,2025-02-05,2025-02-06 07:02:13,2025-02-05,2025-02-08 15:32:13,delivered
SEI-air-20250205-002,ORD-000733,2,ACD-CV1,7,西濃運輸,air,2025-02-05,2025-02-06 07:02:13,2025-02-05,2025-02-08 15:32:13,delivered
YML-road-20250217-001,ORD-000733,1,ENP-ENP1,8,ヤマトロジスティクス,road,2025-02-17,2025-02-18 06:42:13,2025-02-17,2025-02-19 16:10:13,delivered
YML-road-20250217-001,ORD-000733,2,ACD-CV1,7,ヤマトロジスティクス,road,2025-02-17,2025-02-18 06:42:13,2025-02-17,2025-02-19 16:10:13,delivered
NPL-road-20250207-001,ORD-000733,1,ENP-ENP1,9,日本通運,road,2025-02-07,2025-02-08 06:35:13,2025-02-07,2025-02-13 15:59:13,delivered
NPL-road-20250207-001,ORD-000733,2,ACD-CV1,9,日本通運,road,2025-02-07,2025-02-08 06:35:13,2025-02-07,2025-02-13 15:59:13,delivered
SEI-road-20250207-001,ORD-000734,1,VZL-RV3,5,西濃運輸,road,2025-02-07,2025-02-08 08:55:48,2025-02-07,2025-02-09 21:40:48,delivered
SEI-road-20250207-001,ORD-000734,2,FRD-GB5,4,西濃運輸,road,2025-02-07,2025-02-08 08:55:48,2025-02-07,2025-02-09 21:40:48,delivered
HNT-road-20250213-001,ORD-000735,1,FRD-GB5,5,ホンダトランスポート,road,2025-02-13,2025-02-13 20:48:45,2025-02-13,2025-02-16 09:18:45,delivered
HNT-road-20250213-001,ORD-000735,2,NOE-JG4,5,ホンダトランスポート,road,2025-02-13,2025-02-13 20:48:45,2025-02-13,2025-02-16 09:18:45,delivered
YML-air-20250211-001,ORD-000736,1,HDE-ZC1,2,ヤマトロジスティクス,air,2025-02-11,2025-02-11 23:34:27,2025-02-11,2025-02-16 07:45:27,delivered
HNL-air-20250209-001,ORD-000736,1,HDE-ZC1,2,ホンダロジスティクス,air,2025-02-09,2025-02-10 03:11:27,2025-02-09,2025-02-15 14:20:27,delivered
HNT-air-20250211-001,ORD-000736,1,HDE-ZC1,2,ホンダトランスポート,air,2025-02-11,2025-02-11 23:33:27,2025-02-11,2025-02-18 09:50:27,delayed
NPL-road-20250208-001,ORD-000737,1,NOE-JG4,1,日本通運,road,2025-02-08,2025-02-09 00:17:51,2025-02-08,2025-02-10 14:10:51,delivered
NPL-road-20250208-001,ORD-000737,2,VZL-RV3,1,日本通運,road,2025-02-08,2025-02-09 00:17:51,2025-02-08,2025-02-10 14:10:51,delivered
NPL-road-20250208-001,ORD-000737,3,FIT-GR3,1,日本通運,road,2025-02-08,2025-02-09 00:17:51,2025-02-08,2025-02-10 14:10:51,delivered
YML-sea-20250225-001,ORD-000738,2,FIT-GR3,1,ヤマトロジスティクス,sea,2025-02-25,2025-02-25 19:06:16,2025-02-25,2025-03-02 05:52:16,delayed
SEI-road-20250220-001,ORD-000738,1,FRD-GB5,1,西濃運輸,road,2025-02-20,2025-02-20 20:38:16,2025-02-20,2025-02-22 04:58:16,delivered
SEI-road-20250220-001,ORD-000738,2,FIT-GR3,1,西濃運輸,road,2025-02-20,2025-02-20 20:38:16,2025-02-20,2025-02-22 04:58:16,delivered
HNT-sea-20250215-001,ORD-000739,1,ZRV-RZ3,1,ホンダトランスポート,sea,2025-02-15,2025-02-15 20:07:34,2025-02-15,2025-02-18 04:19:34,delivered
NPL-air-20250212-001,ORD-000739,1,ZRV-RZ3,1,日本通運,air,2025-02-12,2025-02-12 22:37:34,2025-02-12,2025-02-18 13:55:34,delivered
HNL-air-20250220-001,ORD-000740,1,FRD-GB5,10,ホンダロジスティクス,air,2025-02-20,2025-02-21 04:06:28,2025-02-20,2025-02-25 15:29:28,delayed
HNL-sea-20250218-001,ORD-000741,1,SWN-RP6,5,ホンダロジスティクス,sea,2025-02-18,2025-02-19 06:30:44,2025-02-18,2025-02-20 15:31:44,delivered
HNL-sea-20250216-001,ORD-000741,1,SWN-RP6,5,ホンダロジスティクス,sea,2025-02-16,2025-02-16 23:39:44,2025-02-16,2025-02-19 08:37:44,delivered
HNT-sea-20250307-001,ORD-000742,1,SWN-RP6,1,ホンダトランスポート,sea,2025-03-07,2025-03-08 10:08:13,2025-03-07,2025-03-10 01:08:13,delayed
NPL-air-20250221-001,ORD-000743,1,FRD-GB5,2,日本通運,air,2025-02-21,2025-02-21 23:27:47,2025-02-21,2025-02-27 15:01:47,delivered
HNT-sea-20250225-001,ORD-000743,1,FRD-GB5,2,ホンダトランスポート,sea,2025-02-25,2025-02-25 19:22:47,2025-02-25,2025-03-03 07:57:47,delayed
NPL-sea-20250221-001,ORD-000743,1,FRD-GB5,3,日本通運,sea,2025-02-21,2025-02-21 18:35:47,2025-02-21,2025-02-27 04:27:47,delivered
HNT-air-20250223-001,ORD-000744,1,FIT-GR3,2,ホンダトランスポート,air,2025-02-23,2025-02-24 01:59:34,2025-02-23,2025-03-02 10:35:34,delivered
HNT-air-20250223-001,ORD-000744,2,SWN-RP6,1,ホンダトランスポート,air,2025-02-23,2025-02-24 01:59:34,2025-02-23,2025-03-02 10:35:34,delivered
NPL-air-20250302-001,ORD-000744,1,FIT-GR3,2,日本通運,air,2025-03-02,2025-03-02 17:17:34,2025-03-02,2025-03-09 08:49:34,delivered
NPL-air-20250302-001,ORD-000744,2,SWN-RP6,1,日本通運,air,2025-03-02,2025-03-02 17:17:34,2025-03-02,2025-03-09 08:49:34,delivered
SEI-road-20250219-001,ORD-000745,1,HDE-ZC1,1,西濃運輸,road,2025-02-19,2025-02-19 21:37:00,2025-02-19,2025-02-25 12:08:00,delivered
SEI-road-20250219-001,ORD-000745,2,FIT-GR3,1,西濃運輸,road,2025-02-19,2025-02-19 21:37:00,2025-02-19,2025-02-25 12:08:00,delivered
HNL-sea-20250226-001,ORD-000746,2,VZL-RV3,1,ホンダロジスティクス,sea,2025-02-26,2025-02-27 00:13:51,2025-02-26,2025-03-04 16:26:51,delivered
YML-sea-20250306-001,ORD-000746,1,NOE-JG4,1,ヤマトロジスティクス,sea,2025-03-06,2025-03-07 00:24:51,2025-03-06,2025-03-12 11:31:51,delivered
YML-sea-20250306-001,ORD-000746,2,VZL-RV3,2,ヤマトロジスティクス,sea,2025-03-06,2025-03-07 00:24:51,2025-03-06,2025-03-12 11:31:51,delivered
SEI-road-20250227-001,ORD-000747,1,NOE-JG4,1,西濃運輸,road,2025-02-27,2025-02-28 00:02:49,2025-02-27,2025-03-04 11:26:49,delivered
SEI-road-20250227-001,ORD-000747,2,FRD-GB5,3,西濃運輸,road,2025-02-27,2025-02-28 00:02:49,2025-02-27,2025-03-04 11:26:49,delivered
NPL-air-20250225-001,ORD-000747,1,NOE-JG4,1,日本通運,air,2025-02-25,2025-02-25 23:36:49,2025-02-25,2025-02-27 08:08:49,delivered
NPL-air-20250225-001,ORD-000747,2,FRD-GB5,3,日本通運,air,2025-02-25,2025-02-25 23:36:49,2025-02-25,2025-02-27 08:08:49,delivered
NPL-sea-20250225-001,ORD-000748,1,FIT-GR3,1,日本通運,sea,2025-02-25,2025-02-25 20:58:30,2025-02-25,2025-02-28 13:30:30,delivered
NPL-sea-20250225-001,ORD-000748,2,SWN-RP6,1,日本通運,sea,2025-02-25,2025-02-25 20:58:30,2025-02-25,2025-02-28 13:30:30,delivered
NPL-sea-20250225-001,ORD-000748,3,ZRV-RZ3,1,日本通運,sea,2025-02-25,2025-02-25 20:58:30,2025-02-25,2025-02-28 13:30:30,delivered
SEI-air-20250304-001,ORD-000749,1,ZRV-RZ3,2,西濃運輸,air,2025-03-04,2025-03-05 06:10:48,2025-03-04,2025-03-06 18:01:48,delayed
YML-sea-20250302-001,ORD-000749,1,ZRV-RZ3,3,ヤマトロジスティクス,sea,2025-03-02,2025-03-03 07:36:48,2025-03-02,2025-03-05 01:33:48,delivered
YML-sea-20250302-001,ORD-000749,2,FRD-GB5,1,ヤマトロジスティクス,sea,2025-03-02,2025-03-03 07:36:48,2025-03-02,2025-03-05 01:33:48,delivered
YML-sea-20250302-001,ORD-000749,3,SWN-RP6,1,ヤマトロジスティクス,sea,2025-03-02,2025-03-03 07:36:48,2025-03-02,2025-03-05 01:33:48,delivered
HNL-road-20250304-001,ORD-000750,1,HDE-ZC1,1,ホンダロジスティクス,road,2025-03-04,2025-03-05 05:32:41,2025-03-04,2025-03-10 17:25:41,delivered
HNL-road-20250304-001,ORD-000750,2,FIT-GR3,1,ホンダロジスティクス,road,2025-03-04,2025-03-05 05:32:41,2025-03-04,2025-03-10 17:25:41,delivered
HNL-road-20250304-001,ORD-000750,3,ZRV-RZ3,1,ホンダロジスティクス,road,2025-03-04,2025-03-05 05:32:41,2025-03-04,2025-03-10 17:25:41,delivered
HNL-road-20250304-002,ORD-000751,1,HDE-ZC1,2,ホンダロジスティクス,road,2025-03-04,2025-03-05 02:33:55,2025-03-04,2025-03-10 14:42:55,delivered
HNT-air-20250302-001,ORD-000752,1,FRD-GB5,1,ホンダトランスポート,air,2025-03-02,2025-03-02 23:57:40,2025-03-02,2025-03-06 10:23:40,delivered
HNT-air-20250302-001,ORD-000752,2,NOE-JG4,1,ホンダトランスポート,air,2025-03-02,2025-03-02 23:57:40,2025-03-02,2025-03-06 10:23:40,delivered
HNT-air-20250302-001,ORD-000752,3,SWN-RP6,1,ホンダトランスポート,air,2025-03-02,2025-03-02 23:57:40,2025-03-02,2025-03-06 10:23:40,delivered
YML-air-20250303-001,ORD-000753,1,VZL-RV3,1,ヤマトロジスティクス,air,2025-03-03,2025-03-03 21:37:53,2025-03-03,2025-03-07 07:09:53,delivered
YML-air-20250303-001,ORD-000753,3,ZRV-RZ3,1,ヤマトロジスティクス,air,2025-03-03,2025-03-03 21:37:53,2025-03-03,2025-03-07 07:09:53,delivered
SEI-sea-20250303-002,ORD-000753,1,VZL-RV3,1,西濃運輸,sea,2025-03-03,2025-03-03 20:43:53,2025-03-03,2025-03-08 13:33:53,delivered
SEI-sea-20250303-002,ORD-000753,2,SWN-RP6,1,西濃運輸,sea,2025-03-03,2025-03-03 20:43:53,2025-03-03,2025-03-08 13:33:53,delivered
SEI-sea-20250303-002,ORD-000753,3,ZRV-RZ3,1,西濃運輸,sea,2025-03-03,2025-03-03 20:43:53,2025-03-03,2025-03-08 13:33:53,delivered
SEI-road-20250315-001,ORD-000754,1,HDE-ZC1,2,西濃運輸,road,2025-03-15,2025-03-16 04:57:26,2025-03-15,2025-03-18 20:09:26,delivered
SEI-road-20250315-001,ORD-000754,2,VZL-RV3,2,西濃運輸,road,2025-03-15,2025-03-16 04:57:26,2025-03-15,2025-03-18 20:09:26,delivered
SEI-road-20250315-001,ORD-000754,3,ZRV-RZ3,2,西濃運輸,road,2025-03-15,2025-03-16 04:57:26,2025-03-15,2025-03-18 20:09:26,delivered
HNT-road-20250312-001,ORD-000755,2,FRD-GB5,1,ホンダトランスポート,road,2025-03-12,2025-03-13 02:15:27,2025-03-12,2025-03-19 10:45:27,delivered
NPL-road-20250310-001,ORD-000755,2,FRD-GB5,1,日本通運,road,2025-03-10,2025-03-11 08:58:27,2025-03-10,2025-03-17 20:48:27,delivered
NPL-sea-20250315-001,ORD-000755,1,VZL-RV3,2,日本通運,sea,2025-03-15,2025-03-16 08:34:27,2025-03-15,2025-03-17 22:38:27,delivered
NPL-sea-20250315-001,ORD-000755,2,FRD-GB5,3,日本通運,sea,2025-03-15,2025-03-16 08:34:27,2025-03-15,2025-03-17 22:38:27,delivered
HNT-road-20250319-001,ORD-000756,2,SWN-RP6,1,ホンダトランスポート,road,2025-03-19,2025-03-20 08:57:59,2025-03-19,2025-03-25 21:56:59,delayed
SEI-sea-20250312-001,ORD-000756,2,SWN-RP6,1,西濃運輸,sea,2025-03-12,2025-03-13 05:26:59,2025-03-12,2025-03-14 23:25:59,delivered
YML-air-20250312-001,ORD-000756,1,FIT-GR3,1,ヤマトロジスティクス,air,2025-03-12,2025-03-13 04:19:59,2025-03-12,2025-03-18 13:59:59,delivered
YML-air-20250312-001,ORD-000756,2,SWN-RP6,2,ヤマトロジスティクス,air,2025-03-12,2025-03-13 04:19:59,2025-03-12,2025-03-18 13:59:59,delivered
YML-road-20250317-001,ORD-000757,1,ZRV-RZ3,3,ヤマトロジスティクス,road,2025-03-17,2025-03-18 01:18:56,2025-03-17,2025-03-19 10:34:56,delivered
SEI-air-20250320-001,ORD-000758,1,ZRV-RZ3,3,西濃運輸,air,2025-03-20,2025-03-20 20:27:17,2025-03-20,2025-03-23 12:43:17,delivered
SEI-air-20250320-001,ORD-000758,2,SWN-RP6,4,西濃運輸,air,2025-03-20,2025-03-20 20:27:17,2025-03-20,2025-03-23 12:43:17,delivered
NPL-sea-20250321-001,ORD-000759,1,HDE-ZC1,1,日本通運,sea,2025-03-21,2025-03-21 23:08:27,2025-03-21,2025-03-26 14:05:27,delayed
NPL-sea-20250321-001,ORD-000759,2,FRD-GB5,1,日本通運,sea,2025-03-21,2025-03-21 23:08:27,2025-03-21,2025-03-26 14:05:27,delayed
NPL-sea-20250321-001,ORD-000759,3,SWN-RP6,1,日本通運,sea,2025-03-21,2025-03-21 23:08:27,2025-03-21,2025-03-26 14:05:27,delayed
NPL-air-20250326-001,ORD-000760,1,FIT-GR3,5,日本通運,air,2025-03-26,2025-03-27 02:43:17,2025-03-26,2025-03-31 15:27:17,delayed
NPL-air-20250326-001,ORD-000760,2,VZL-RV3,1,日本通運,air,2025-03-26,2025-03-27 02:43:17,2025-03-26,2025-03-31 15:27:17,delayed
HNT-sea-20250314-001,ORD-000761,1,FIT-GR3,1,ホンダトランスポート,sea,2025-03-14,2025-03-15 02:38:50,2025-03-14,2025-03-20 19:08:50,delivered
HNT-sea-20250314-001,ORD-000761,2,SWN-RP6,1,ホンダトランスポート,sea,2025-03-14,2025-03-15 02:38:50,2025-03-14,2025-03-20 19:08:50,delivered
HNT-sea-20250318-001,ORD-000761,1,FIT-GR3,2,ホンダトランスポート,sea,2025-03-18,2025-03-18 20:25:50,2025-03-18,2025-03-21 06:54:50,delivered
HNT-sea-20250318-001,ORD-000761,2,SWN-RP6,1,ホンダトランスポート,sea,2025-03-18,2025-03-18 20:25:50,2025-03-18,2025-03-21 06:54:50,delivered
HNT-sea-20250318-001,ORD-000761,3,HDE-ZC1,1,ホンダトランスポート,sea,2025-03-18,2025-03-18 20:25:50,2025-03-18,2025-03-21 06:54:50,delivered
HNT-sea-20250323-001,ORD-000762,1,ENP-ENP1,5,ホンダトランスポート,sea,2025-03-23,2025-03-24 05:39:58,2025-03-23,2025-03-27 16:38:58,delivered
HNT-sea-20250323-001,ORD-000762,2,ODY-RC1,8,ホンダトランスポート,sea,2025-03-23,2025-03-24 05:39:58,2025-03-23,2025-03-27 16:38:58,delivered
HNT-sea-20250323-001,ORD-000762,3,RDG-YF6,12,ホンダトランスポート,sea,2025-03-23,2025-03-24 05:39:58,2025-03-23,2025-03-27 16:38:58,delivered
HNT-air-20250320-001,ORD-000763,1,ODY-RC1,3,ホンダトランスポート,air,2025-03-20,2025-03-21 05:08:08,2025-03-20,2025-03-27 22:31:08,delayed
HNT-air-20250320-001,ORD-000763,2,CRV-RT5,2,ホンダトランスポート,air,2025-03-20,2025-03-21 05:08:08,2025-03-20,2025-03-27 22:31:08,delayed
HNT-air-20250320-001,ORD-000763,3,PSP-YF7,2,ホンダトランスポート,air,2025-03-20,2025-03-21 05:08:08,2025-03-20,2025-03-27 22:31:08,delayed
HNT-air-20250319-001,ORD-000763,1,ODY-RC1,3,ホンダトランスポート,air,2025-03-19,2025-03-20 06:33:08,2025-03-19,2025-03-22 18:16:08,delivered
HNT-air-20250319-001,ORD-000763,2,CRV-RT5,3,ホンダトランスポート,air,2025-03-19,2025-03-20 06:33:08,2025-03-19,2025-03-22 18:16:08,delivered
HNT-air-20250319-001,ORD-000763,3,PSP-YF7,3,ホンダトランスポート,air,2025-03-19,2025-03-20 06:33:08,2025-03-19,2025-03-22 18:16:08,delivered
HNL-sea-20250325-001,ORD-000764,1,ENP-ENP1,22,ホンダロジスティクス,sea,2025-03-25,2025-03-25 23:13:33,2025-03-25,2025-03-28 15:26:33,delayed
HNL-air-20250321-001,ORD-000764,1,ENP-ENP1,22,ホンダロジスティクス,air,2025-03-21,2025-03-21 21:10:33,2025-03-21,2025-03-25 13:17:33,delivered
YML-road-20250320-001,ORD-000765,1,VZL-RV3,1,ヤマトロジスティクス,road,2025-03-20,2025-03-21 01:38:35,2025-03-20,2025-03-23 16:19:35,delivered
YML-road-20250320-001,ORD-000765,2,HDE-ZC1,1,ヤマトロジスティクス,road,2025-03-20,2025-03-21 01:38:35,2025-03-20,2025-03-23 16:19:35,delivered
YML-road-20250320-001,ORD-000765,3,SWN-RP6,1,ヤマトロジスティクス,road,2025-03-20,2025-03-21 01:38:35,2025-03-20,2025-03-23 16:19:35,delivered
NPL-sea-20250328-001,ORD-000766,1,FRD-GB5,1,日本通運,sea,2025-03-28,2025-03-29 00:05:10,2025-03-28,2025-04-03 16:19:10,delayed
NPL-sea-20250328-001,ORD-000766,2,ZRV-RZ3,1,日本通運,sea,2025-03-28,2025-03-29 00:05:10,2025-03-28,2025-04-03 16:19:10,delayed
NPL-sea-20250328-001,ORD-000766,3,VZL-RV3,1,日本通運,sea,2025-03-28,2025-03-29 00:05:10,2025-03-28,2025-04-03 16:19:10,delayed
HNT-road-20250330-001,ORD-000767,2,FIT-GR3,2,ホンダトランスポート,road,2025-03-30,2025-03-30 21:56:20,2025-03-30,2025-04-01 10:51:20,delayed
NPL-air-20250323-001,ORD-000767,2,FIT-GR3,2,日本通運,air,2025-03-23,2025-03-24 01:24:20,2025-03-23,2025-03-30 11:27:20,delivered
SEI-road-20250328-001,ORD-000767,1,HDE-ZC1,2,西濃運輸,road,2025-03-28,2025-03-28 22:44:20,2025-03-28,2025-03-31 09:37:20,delivered
SEI-road-20250328-001,ORD-000767,2,FIT-GR3,3,西濃運輸,road,2025-03-28,2025-03-28 22:44:20,2025-03-28,2025-03-31 09:37:20,delivered
HNT-sea-20250326-001,ORD-000768,1,HDE-ZC1,4,ホンダトランスポート,sea,2025-03-26,2025-03-27 03:34:04,2025-03-26,2025-04-02 19:26:04,delivered
HNT-sea-20250326-001,ORD-000768,2,SWN-RP6,2,ホンダトランスポート,sea,2025-03-26,2025-03-27 03:34:04,2025-03-26,2025-04-02 19:26:04,delivered
HNT-road-20250328-001,ORD-000769,1,FRD-GB5,1,ホンダトランスポート,road,2025-03-28,2025-03-29 00:26:05,2025-03-28,2025-03-31 11:26:05,delivered
HNT-road-20250328-001,ORD-000769,2,SWN-RP6,1,ホンダトランスポート,road,2025-03-28,2025-03-29 00:26:05,2025-03-28,2025-03-31 11:26:05,delivered
HNT-road-20250328-001,ORD-000769,3,NOE-JG4,1,ホンダトランスポート,road,2025-03-28,2025-03-29 00:26:05,2025-03-28,2025-03-31 11:26:05,delivered
YML-road-20250328-001,ORD-000770,1,ZRV-RZ3,7,ヤマトロジスティクス,road,2025-03-28,2025-03-28 22:06:58,2025-03-28,2025-04-03 09:49:58,delivered
HNT-sea-20250412-001,ORD-000771,1,HDE-ZC1,1,ホンダトランスポート,sea,2025-04-12,2025-04-12 23:21:12,2025-04-12,2025-04-15 13:20:12,delayed
HNT-sea-20250412-001,ORD-000771,2,NOE-JG4,1,ホンダトランスポート,sea,2025-04-12,2025-04-12 23:21:12,2025-04-12,2025-04-15 13:20:12,delayed
HNT-sea-20250412-001,ORD-000771,3,VZL-RV3,1,ホンダトランスポート,sea,2025-04-12,2025-04-12 23:21:12,2025-04-12,2025-04-15 13:20:12,delayed
NPL-air-20250331-001,ORD-000772,1,SWN-RP6,8,日本通運,air,2025-03-31,2025-03-31 22:36:35,2025-03-31,2025-04-03 06:43:35,delivered
SEI-road-20250402-001,ORD-000773,1,HDE-ZC1,1,西濃運輸,road,2025-04-02,2025-04-03 03:41:24,2025-04-02,2025-04-06 12:44:24,delivered
SEI-road-20250402-001,ORD-000773,2,VZL-RV3,2,西濃運輸,road,2025-04-02,2025-04-03 03:41:24,2025-04-02,2025-04-06 12:44:24,delivered
SEI-road-20250402-001,ORD-000773,3,ZRV-RZ3,1,西濃運輸,road,2025-04-02,2025-04-03 03:41:24,2025-04-02,2025-04-06 12:44:24,delivered
YML-road-20250405-001,ORD-000773,1,HDE-ZC1,2,ヤマトロジスティクス,road,2025-04-05,2025-04-06 07:57:24,2025-04-05,2025-04-09 16:10:24,delayed
YML-road-20250405-001,ORD-000773,2,VZL-RV3,2,ヤマトロジスティクス,road,2025-04-05,2025-04-06 07:57:24,2025-04-05,2025-04-09 16:10:24,delayed
YML-road-20250405-001,ORD-000773,3,ZRV-RZ3,1,ヤマトロジスティクス,road,2025-04-05,2025-04-06 07:57:24,2025-04-05,2025-04-09 16:10:24,delayed
HNL-road-20250409-001,ORD-000774,1,FIT-GR3,2,ホンダロジスティクス,road,2025-04-09,2025-04-09 18:34:43,2025-04-09,2025-04-12 10:08:43,delivered
HNL-road-20250409-001,ORD-000774,2,SWN-RP6,1,ホンダロジスティクス,road,2025-04-09,2025-04-09 18:34:43,2025-04-09,2025-04-12 10:08:43,delivered
HNL-road-20250409-001,ORD-000774,3,ZRV-RZ3,1,ホンダロジスティクス,road,2025-04-09,2025-04-09 18:34:43,2025-04-09,2025-04-12 10:08:43,delivered
HNL-road-20250410-001,ORD-000774,1,FIT-GR3,3,ホンダロジスティクス,road,2025-04-10,2025-04-10 20:35:43,2025-04-10,2025-04-13 13:37:43,delivered
HNL-road-20250410-001,ORD-000774,2,SWN-RP6,1,ホンダロジスティクス,road,2025-04-10,2025-04-10 20:35:43,2025-04-10,2025-04-13 13:37:43,delivered
HNL-road-20250410-001,ORD-000774,3,ZRV-RZ3,1,ホンダロジスティクス,road,2025-04-10,2025-04-10 20:35:43,2025-04-10,2025-04-13 13:37:43,delivered
NPL-air-20250411-001,ORD-000775,1,NOE-JG4,6,日本通運,air,2025-04-11,2025-04-12 01:42:11,2025-04-11,2025-04-15 15:31:11,delivered
SEI-road-20250404-001,ORD-000776,1,VZL-RV3,2,西濃運輸,road,2025-04-04,2025-04-05 03:09:55,2025-04-04,2025-04-08 18:04:55,delivered
NPL-road-20250404-001,ORD-000776,1,VZL-RV3,3,日本通運,road,2025-04-04,2025-04-05 04:49:55,2025-04-04,2025-04-11 16:12:55,delivered
SEI-air-20250411-001,ORD-000777,3,FRD-GB5,1,西濃運輸,air,2025-04-11,2025-04-12 02:51:20,2025-04-11,2025-04-14 17:37:20,delivered
HNL-sea-20250407-001,ORD-000777,3,FRD-GB5,1,ホンダロジスティクス,sea,2025-04-07,2025-04-08 05:24:20,2025-04-07,2025-04-09 17:48:20,delivered
HNT-road-20250412-001,ORD-000777,1,VZL-RV3,1,ホンダトランスポート,road,2025-04-12,2025-04-12 23:01:20,2025-04-12,2025-04-19 13:59:20,delayed
HNT-road-20250412-001,ORD-000777,2,HDE-ZC1,1,ホンダトランスポート,road,2025-04-12,2025-04-12 23:01:20,2025-04-12,2025-04-19 13:59:20,delayed
HNT-road-20250412-001,ORD-000777,3,FRD-GB5,1,ホンダトランスポート,road,2025-04-12,2025-04-12 23:01:20,2025-04-12,2025-04-19 13:59:20,delayed
HNT-air-20250411-001,ORD-000778,1,VZL-RV3,1,ホンダトランスポート,air,2025-04-11,2025-04-12 07:12:36,2025-04-11,2025-04-15 16:55:36,delivered
HNT-air-20250411-001,ORD-000778,2,NOE-JG4,1,ホンダトランスポート,air,2025-04-11,2025-04-12 07:12:36,2025-04-11,2025-04-15 16:55:36,delivered
HNT-air-20250411-001,ORD-000778,3,HDE-ZC1,1,ホンダトランスポート,air,2025-04-11,2025-04-12 07:12:36,2025-04-11,2025-04-15 16:55:36,delivered
HNL-air-20250414-001,ORD-000778,1,VZL-RV3,2,ホンダロジスティクス,air,2025-04-14,2025-04-15 07:10:36,2025-04-14,2025-04-18 17:26:36,delivered
HNL-air-20250414-001,ORD-000778,2,NOE-JG4,1,ホンダロジスティクス,air,2025-04-14,2025-04-15 07:10:36,2025-04-14,2025-04-18 17:26:36,delivered
HNL-air-20250414-001,ORD-000778,3,HDE-ZC1,1,ホンダロジスティクス,air,2025-04-14,2025-04-15 07:10:36,2025-04-14,2025-04-18 17:26:36,delivered
SEI-air-20250415-001,ORD-000779,1,ZRV-RZ3,2,西濃運輸,air,2025-04-15,2025-04-16 04:24:37,2025-04-15,2025-04-22 20:32:37,delivered
SEI-air-20250415-001,ORD-000779,2,NOE-JG4,1,西濃運輸,air,2025-04-15,2025-04-16 04:24:37,2025-04-15,2025-04-22 20:32:37,delivered
NPL-air-20250416-001,ORD-000780,1,NOE-JG4,1,日本通運,air,2025-04-16,2025-04-17 01:35:48,2025-04-16,2025-04-23 09:41:48,delivered
NPL-air-20250416-001,ORD-000780,2,ZRV-RZ3,1,日本通運,air,2025-04-16,2025-04-17 01:35:48,2025-04-16,2025-04-23 09:41:48,delivered
NPL-air-20250416-001,ORD-000780,3,VZL-RV3,1,日本通運,air,2025-04-16,2025-04-17 01:35:48,2025-04-16,2025-04-23 09:41:48,delivered
NPL-sea-20250417-001,ORD-000781,1,HDE-ZC1,3,日本通運,sea,2025-04-17,2025-04-18 05:25:47,2025-04-17,2025-04-21 16:47:47,delivered
SEI-road-20250414-001,ORD-000781,1,HDE-ZC1,3,西濃運輸,road,2025-04-14,2025-04-15 02:30:47,2025-04-14,2025-04-18 13:59:47,delivered
YML-road-20250416-001,ORD-000781,1,HDE-ZC1,3,ヤマトロジスティクス,road,2025-04-16,2025-04-17 00:46:47,2025-04-16,2025-04-19 12:13:47,delivered
SEI-sea-20250420-001,ORD-000782,1,HDE-ZC1,1,西濃運輸,sea,2025-04-20,2025-04-21 06:26:03,2025-04-20,2025-04-22 17:17:03,delayed
SEI-sea-20250420-001,ORD-000782,2,FRD-GB5,1,西濃運輸,sea,2025-04-20,2025-04-21 06:26:03,2025-04-20,2025-04-22 17:17:03,delayed
NPL-air-20250415-001,ORD-000782,1,HDE-ZC1,1,日本通運,air,2025-04-15,2025-04-16 07:56:03,2025-04-15,2025-04-18 16:26:03,delivered
NPL-air-20250415-001,ORD-000782,2,FRD-GB5,1,日本通運,air,2025-04-15,2025-04-16 07:56:03,2025-04-15,2025-04-18 16:26:03,delivered
SEI-air-20250418-001,ORD-000782,1,HDE-ZC1,1,西濃運輸,air,2025-04-18,2025-04-19 07:50:03,2025-04-18,2025-04-24 19:49:03,delayed
SEI-air-20250418-001,ORD-000782,2,FRD-GB5,2,西濃運輸,air,2025-04-18,2025-04-19 07:50:03,2025-04-18,2025-04-24 19:49:03,delayed
SEI-air-20250418-001,ORD-000782,3,ZRV-RZ3,1,西濃運輸,air,2025-04-18,2025-04-19 07:50:03,2025-04-18,2025-04-24 19:49:03,delayed
HNT-road-20250416-001,ORD-000783,1,PRO-ZC5,6,ホンダトランスポート,road,2025-04-16,2025-04-16 22:54:13,2025-04-16,2025-04-18 10:31:13,delivered
NPL-road-20250415-001,ORD-000783,1,PRO-ZC5,7,日本通運,road,2025-04-15,2025-04-16 02:38:13,2025-04-15,2025-04-21 16:51:13,delivered
HNL-air-20250418-001,ORD-000784,1,VZL-RV3,2,ホンダロジスティクス,air,2025-04-18,2025-04-18 16:42:14,2025-04-18,2025-04-23 09:04:14,delivered
YML-air-20250420-001,ORD-000784,1,VZL-RV3,2,ヤマトロジスティクス,air,2025-04-20,2025-04-20 20:24:14,2025-04-20,2025-04-24 09:48:14,delivered
HNT-sea-20250419-001,ORD-000784,1,VZL-RV3,2,ホンダトランスポート,sea,2025-04-19,2025-04-19 17:32:14,2025-04-19,2025-04-23 03:56:14,delivered
HNT-sea-20250419-001,ORD-000784,2,NOE-JG4,2,ホンダトランスポート,sea,2025-04-19,2025-04-19 17:32:14,2025-04-19,2025-04-23 03:56:14,delivered
HNT-sea-20250419-001,ORD-000784,3,ZRV-RZ3,2,ホンダトランスポート,sea,2025-04-19,2025-04-19 17:32:14,2025-04-19,2025-04-23 03:56:14,delivered
HNL-air-20250421-001,ORD-000785,1,VZL-RV3,1,ホンダロジスティクス,air,2025-04-21,2025-04-22 00:47:22,2025-04-21,2025-04-23 14:35:22,delivered
SEI-sea-20250427-001,ORD-000785,1,VZL-RV3,1,西濃運輸,sea,2025-04-27,2025-04-28 06:51:22,2025-04-27,2025-04-30 23:01:22,delivered
SEI-air-20250420-001,ORD-000786,1,SWN-RP6,1,西濃運輸,air,2025-04-20,2025-04-20 22:05:27,2025-04-20,2025-04-24 10:08:27,delivered
YML-road-20250501-001,ORD-000787,1,ZRV-RZ3,1,ヤマトロジスティクス,road,2025-05-01,2025-05-01 21:14:45,2025-05-01,2025-05-07 08:51:45,delayed
NPL-air-20250430-002,ORD-000788,1,ZRV-RZ3,6,日本通運,air,2025-04-30,2025-05-01 07:53:00,2025-04-30,2025-05-07 23:51:00,delayed
NPL-air-20250430-002,ORD-000788,2,HDE-ZC1,1,日本通運,air,2025-04-30,2025-05-01 07:53:00,2025-04-30,2025-05-07 23:51:00,delayed
NPL-air-20250427-001,ORD-000789,1,RDG-YF6,45,日本通運,air,2025-04-27,2025-04-27 21:06:18,2025-04-27,2025-05-02 06:01:18,delivered
HNT-sea-20250427-001,ORD-000790,1,PRO-ZC5,12,ホンダトランスポート,sea,2025-04-27,2025-04-28 05:10:15,2025-04-27,2025-04-30 18:52:15,delivered
HNT-sea-20250427-001,ORD-000790,2,RDG-YF6,8,ホンダトランスポート,sea,2025-04-27,2025-04-28 05:10:15,2025-04-27,2025-04-30 18:52:15,delivered
NPL-sea-20250429-001,ORD-000790,1,PRO-ZC5,12,日本通運,sea,2025-04-29,2025-04-30 01:41:15,2025-04-29,2025-05-02 11:46:15,delivered
NPL-sea-20250429-001,ORD-000790,2,RDG-YF6,8,日本通運,sea,2025-04-29,2025-04-30 01:41:15,2025-04-29,2025-05-02 11:46:15,delivered
HNT-sea-20250428-001,ORD-000791,1,SWN-RP6,1,ホンダトランスポート,sea,2025-04-28,2025-04-29 04:43:14,2025-04-28,2025-05-02 21:58:14,delivered
SEI-road-20250505-001,ORD-000791,1,SWN-RP6,1,西濃運輸,road,2025-05-05,2025-05-06 00:29:14,2025-05-05,2025-05-12 12:59:14,delayed
YML-sea-20250503-001,ORD-000791,1,SWN-RP6,1,ヤマトロジスティクス,sea,2025-05-03,2025-05-03 22:29:14,2025-05-03,2025-05-07 14:49:14,delayed
YML-road-20250429-001,ORD-000792,1,FRD-GB5,1,ヤマトロジスティクス,road,2025-04-29,2025-04-29 23:58:22,2025-04-29,2025-05-01 12:22:22,delivered
SEI-road-20250429-001,ORD-000792,1,FRD-GB5,1,西濃運輸,road,2025-04-29,2025-04-30 00:45:22,2025-04-29,2025-05-06 14:43:22,delivered
YML-road-20250501-002,ORD-000792,1,FRD-GB5,1,ヤマトロジスティクス,road,2025-05-01,2025-05-01 22:06:22,2025-05-01,2025-05-04 11:02:22,delivered
YML-road-20250501-002,ORD-000792,2,NOE-JG4,1,ヤマトロジスティクス,road,2025-05-01,2025-05-01 22:06:22,2025-05-01,2025-05-04 11:02:22,delivered
NPL-road-20250514-001,ORD-000793,1,HDE-ZC1,2,日本通運,road,2025-05-14,2025-05-15 06:42:16,2025-05-14,2025-05-18 00:19:16,delayed
NPL-road-20250514-001,ORD-000793,2,ZRV-RZ3,2,日本通運,road,2025-05-14,2025-05-15 06:42:16,2025-05-14,2025-05-18 00:19:16,delayed
HNL-sea-20250512-001,ORD-000793,1,HDE-ZC1,2,ホンダロジスティクス,sea,2025-05-12,2025-05-13 05:23:16,2025-05-12,2025-05-17 22:15:16,delayed
HNL-sea-20250512-001,ORD-000793,2,ZRV-RZ3,2,ホンダロジスティクス,sea,2025-05-12,2025-05-13 05:23:16,2025-05-12,2025-05-17 22:15:16,delayed
HNL-sea-20250512-001,ORD-000793,3,NOE-JG4,1,ホンダロジスティクス,sea,2025-05-12,2025-05-13 05:23:16,2025-05-12,2025-05-17 22:15:16,delayed
NPL-road-20250430-001,ORD-000794,1,ZRV-RZ3,6,日本通運,road,2025-04-30,2025-05-01 00:21:47,2025-04-30,2025-05-07 18:10:47,delivered
NPL-road-20250430-001,ORD-000794,2,VZL-RV3,1,日本通運,road,2025-04-30,2025-05-01 00:21:47,2025-04-30,2025-05-07 18:10:47,delivered
NPL-road-20250430-001,ORD-000794,3,FRD-GB5,2,日本通運,road,2025-04-30,2025-05-01 00:21:47,2025-04-30,2025-05-07 18:10:47,delivered
NPL-air-20250501-001,ORD-000795,1,SWN-RP6,1,日本通運,air,2025-05-01,2025-05-01 23:05:53,2025-05-01,2025-05-04 11:17:53,delivered
NPL-air-20250501-001,ORD-000795,2,HDE-ZC1,2,日本通運,air,2025-05-01,2025-05-01 23:05:53,2025-05-01,2025-05-04 11:17:53,delivered
YML-sea-20250503-002,ORD-000795,1,SWN-RP6,1,ヤマトロジスティクス,sea,2025-05-03,2025-05-03 19:35:53,2025-05-03,2025-05-07 10:57:53,delivered
YML-sea-20250503-002,ORD-000795,2,HDE-ZC1,2,ヤマトロジスティクス,sea,2025-05-03,2025-05-03 19:35:53,2025-05-03,2025-05-07 10:57:53,delivered
YML-sea-20250507-001,ORD-000795,1,SWN-RP6,2,ヤマトロジスティクス,sea,2025-05-07,2025-05-08 01:41:53,2025-05-07,2025-05-13 17:42:53,delayed
YML-sea-20250507-001,ORD-000795,2,HDE-ZC1,2,ヤマトロジスティクス,sea,2025-05-07,2025-05-08 01:41:53,2025-05-07,2025-05-13 17:42:53,delayed
SEI-road-20250505-002,ORD-000796,1,ZRV-RZ3,1,西濃運輸,road,2025-05-05,2025-05-06 02:22:25,2025-05-05,2025-05-12 14:55:25,delivered
SEI-road-20250505-002,ORD-000796,2,FIT-GR3,3,西濃運輸,road,2025-05-05,2025-05-06 02:22:25,2025-05-05,2025-05-12 14:55:25,delivered
SEI-road-20250505-002,ORD-000796,3,NOE-JG4,1,西濃運輸,road,2025-05-05,2025-05-06 02:22:25,2025-05-05,2025-05-12 14:55:25,delivered
NPL-air-20250513-001,ORD-000797,1,NOE-JG4,1,日本通運,air,2025-05-13,2025-05-14 05:13:46,2025-05-13,2025-05-17 23:09:46,delivered
NPL-air-20250513-001,ORD-000797,2,ZRV-RZ3,4,日本通運,air,2025-05-13,2025-05-14 05:13:46,2025-05-13,2025-05-17 23:09:46,delivered
YML-road-20250514-001,ORD-000798,1,NOE-JG4,2,ヤマトロジスティクス,road,2025-05-14,2025-05-14 21:36:45,2025-05-14,2025-05-20 08:09:45,delayed
YML-road-20250514-001,ORD-000798,2,FRD-GB5,1,ヤマトロジスティクス,road,2025-05-14,2025-05-14 21:36:45,2025-05-14,2025-05-20 08:09:45,delayed
HNT-sea-20250516-001,ORD-000799,1,ZRV-RZ3,1,ホンダトランスポート,sea,2025-05-16,2025-05-17 03:45:44,2025-05-16,2025-05-18 16:10:44,delivered
HNL-sea-20250517-001,ORD-000799,1,ZRV-RZ3,2,ホンダロジスティクス,sea,2025-05-17,2025-05-17 23:15:44,2025-05-17,2025-05-19 15:47:44,delivered
YML-road-20250518-001,ORD-000800,1,HDE-ZC1,2,ヤマトロジスティクス,road,2025-05-18,2025-05-19 06:42:07,2025-05-18,2025-05-25 18:27:07,delayed
HNT-air-20250518-001,ORD-000801,1,ZRV-RZ3,7,ホンダトランスポート,air,2025-05-18,2025-05-18 23:22:10,2025-05-18,2025-05-21 14:54:10,delivered
HNT-air-20250518-001,ORD-000801,2,HDE-ZC1,2,ホンダトランスポート,air,2025-05-18,2025-05-18 23:22:10,2025-05-18,2025-05-21 14:54:10,delivered
YML-air-20250531-001,ORD-000802,1,VZL-RV3,2,ヤマトロジスティクス,air,2025-05-31,2025-06-01 05:21:28,2025-05-31,2025-06-02 15:52:28,delayed
NPL-air-20250528-001,ORD-000802,1,VZL-RV3,2,日本通運,air,2025-05-28,2025-05-29 04:29:28,2025-05-28,2025-06-02 15:17:28,delayed
HNL-sea-20250527-001,ORD-000802,1,VZL-RV3,3,ホンダロジスティクス,sea,2025-05-27,2025-05-28 05:08:28,2025-05-27,2025-06-03 19:30:28,delayed
SEI-air-20250525-001,ORD-000803,1,ZRV-RZ3,1,西濃運輸,air,2025-05-25,2025-05-26 04:50:40,2025-05-25,2025-05-29 20:47:40,delivered
SEI-air-20250518-001,ORD-000803,1,ZRV-RZ3,1,西濃運輸,air,2025-05-18,2025-05-19 06:12:40,2025-05-18,2025-05-24 17:52:40,delivered
SEI-air-20250530-001,ORD-000803,1,ZRV-RZ3,1,西濃運輸,air,2025-05-30,2025-05-31 00:38:40,2025-05-30,2025-06-05 14:15:40,delayed
SEI-air-20250530-001,ORD-000803,2,VZL-RV3,2,西濃運輸,air,2025-05-30,2025-05-31 00:38:40,2025-05-30,2025-06-05 14:15:40,delayed
YML-air-20250521-001,ORD-000804,1,FRD-GB5,1,ヤマトロジスティクス,air,2025-05-21,2025-05-22 08:31:12,2025-05-21,2025-05-28 22:59:12,delayed
YML-air-20250521-001,ORD-000804,2,HDE-ZC1,7,ヤマトロジスティクス,air,2025-05-21,2025-05-22 08:31:12,2025-05-21,2025-05-28 22:59:12,delayed
YML-air-20250521-001,ORD-000804,3,FIT-GR3,2,ヤマトロジスティクス,air,2025-05-21,2025-05-22 08:31:12,2025-05-21,2025-05-28 22:59:12,delayed
HNL-road-20250520-001,ORD-000805,1,VZL-RV3,2,ホンダロジスティクス,road,2025-05-20,2025-05-20 22:37:21,2025-05-20,2025-05-23 07:17:21,delivered
HNL-road-20250520-001,ORD-000805,2,FIT-GR3,1,ホンダロジスティクス,road,2025-05-20,2025-05-20 22:37:21,2025-05-20,2025-05-23 07:17:21,delivered
HNL-road-20250520-001,ORD-000805,3,ZRV-RZ3,1,ホンダロジスティクス,road,2025-05-20,2025-05-20 22:37:21,2025-05-20,2025-05-23 07:17:21,delivered
NPL-road-20250528-001,ORD-000806,1,FIT-GR3,3,日本通運,road,2025-05-28,2025-05-29 05:45:37,2025-05-28,2025-06-03 15:35:37,delivered
HNT-road-20250527-001,ORD-000807,1,FRD-GB5,2,ホンダトランスポート,road,2025-05-27,2025-05-28 04:33:45,2025-05-27,2025-05-29 21:55:45,delivered
HNT-road-20250527-001,ORD-000807,2,VZL-RV3,1,ホンダトランスポート,road,2025-05-27,2025-05-28 04:33:45,2025-05-27,2025-05-29 21:55:45,delivered
HNT-road-20250527-001,ORD-000807,3,NOE-JG4,1,ホンダトランスポート,road,2025-05-27,2025-05-28 04:33:45,2025-05-27,2025-05-29 21:55:45,delivered
SEI-air-20250603-001,ORD-000808,1,NOE-JG4,5,西濃運輸,air,2025-06-03,2025-06-04 00:53:27,2025-06-03,2025-06-10 15:59:27,delayed
SEI-air-20250603-001,ORD-000808,2,FRD-GB5,1,西濃運輸,air,2025-06-03,2025-06-04 00:53:27,2025-06-03,2025-06-10 15:59:27,delayed
YML-road-20250529-001,ORD-000809,1,HDE-ZC1,4,ヤマトロジスティクス,road,2025-05-29,2025-05-29 23:25:50,2025-05-29,2025-06-03 08:14:50,delivered
SEI-air-20250605-001,ORD-000809,1,HDE-ZC1,5,西濃運輸,air,2025-06-05,2025-06-05 21:53:50,2025-06-05,2025-06-10 15:04:50,delayed
SEI-air-20250605-002,ORD-000810,1,SWN-RP6,2,西濃運輸,air,2025-06-05,2025-06-06 07:42:58,2025-06-05,2025-06-10 20:51:58,delivered
SEI-air-20250605-002,ORD-000810,2,VZL-RV3,1,西濃運輸,air,2025-06-05,2025-06-06 07:42:58,2025-06-05,2025-06-10 20:51:58,delivered
SEI-air-20250605-002,ORD-000810,3,FIT-GR3,1,西濃運輸,air,2025-06-05,2025-06-06 07:42:58,2025-06-05,2025-06-10 20:51:58,delivered
SEI-air-20250602-001,ORD-000810,1,SWN-RP6,3,西濃運輸,air,2025-06-02,2025-06-03 08:49:58,2025-06-02,2025-06-09 19:10:58,delivered
SEI-air-20250602-001,ORD-000810,2,VZL-RV3,1,西濃運輸,air,2025-06-02,2025-06-03 08:49:58,2025-06-02,2025-06-09 19:10:58,delivered
SEI-air-20250602-001,ORD-000810,3,FIT-GR3,1,西濃運輸,air,2025-06-02,2025-06-03 08:49:58,2025-06-02,2025-06-09 19:10:58,delivered
HNL-air-20250604-001,ORD-000811,1,NOE-JG4,1,ホンダロジスティクス,air,2025-06-04,2025-06-05 07:52:13,2025-06-04,2025-06-10 22:52:13,delayed
HNL-air-20250604-001,ORD-000811,2,HDE-ZC1,1,ホンダロジスティクス,air,2025-06-04,2025-06-05 07:52:13,2025-06-04,2025-06-10 22:52:13,delayed
HNL-sea-20250603-001,ORD-000811,1,NOE-JG4,1,ホンダロジスティクス,sea,2025-06-03,2025-06-04 05:31:13,2025-06-03,2025-06-07 16:36:13,delivered
HNL-sea-20250603-001,ORD-000811,2,HDE-ZC1,1,ホンダロジスティクス,sea,2025-06-03,2025-06-04 05:31:13,2025-06-03,2025-06-07 16:36:13,delivered
SEI-air-20250606-001,ORD-000811,1,NOE-JG4,1,西濃運輸,air,2025-06-06,2025-06-07 04:04:13,2025-06-06,2025-06-09 12:26:13,delayed
SEI-air-20250606-001,ORD-000811,2,HDE-ZC1,1,西濃運輸,air,2025-06-06,2025-06-07 04:04:13,2025-06-06,2025-06-09 12:26:13,delayed
YML-sea-20250601-001,ORD-000812,1,FRD-GB5,1,ヤマトロジスティクス,sea,2025-06-01,2025-06-02 03:53:30,2025-06-01,2025-06-03 17:39:30,delivered
YML-sea-20250601-001,ORD-000812,2,ZRV-RZ3,1,ヤマトロジスティクス,sea,2025-06-01,2025-06-02 03:53:30,2025-06-01,2025-06-03 17:39:30,delivered
HNT-road-20250607-001,ORD-000813,1,RDG-YF6,16,ホンダトランスポート,road,2025-06-07,2025-06-07 21:11:27,2025-06-07,2025-06-13 05:53:27,delayed
HNT-sea-20250606-001,ORD-000814,1,PLT-YF3,2,ホンダトランスポート,sea,2025-06-06,2025-06-07 00:46:04,2025-06-06,2025-06-12 10:47:04,delayed
HNT-sea-20250606-001,ORD-000814,2,PSP-YF7,2,ホンダトランスポート,sea,2025-06-06,2025-06-07 00:46:04,2025-06-06,2025-06-12 10:47:04,delayed
HNT-sea-20250606-001,ORD-000814,3,PRO-ZC5,6,ホンダトランスポート,sea,2025-06-06,2025-06-07 00:46:04,2025-06-06,2025-06-12 10:47:04,delayed
HNT-air-20250601-001,ORD-000814,1,PLT-YF3,3,ホンダトランスポート,air,2025-06-01,2025-06-01 19:33:04,2025-06-01,2025-06-07 06:22:04,delivered
HNT-air-20250601-001,ORD-000814,2,PSP-YF7,3,ホンダトランスポート,air,2025-06-01,2025-06-01 19:33:04,2025-06-01,2025-06-07 06:22:04,delivered
HNT-air-20250601-001,ORD-000814,3,PRO-ZC5,6,ホンダトランスポート,air,2025-06-01,2025-06-01 19:33:04,2025-06-01,2025-06-07 06:22:04,delivered
SEI-road-20250616-001,ORD-000815,1,PSP-YF7,3,西濃運輸,road,2025-06-16,2025-06-17 00:45:17,2025-06-16,2025-06-19 13:38:17,delivered
SEI-road-20250616-001,ORD-000815,2,PRO-ZC5,1,西濃運輸,road,2025-06-16,2025-06-17 00:45:17,2025-06-16,2025-06-19 13:38:17,delivered
SEI-road-20250605-001,ORD-000815,1,PSP-YF7,3,西濃運輸,road,2025-06-05,2025-06-05 23:00:17,2025-06-05,2025-06-10 10:00:17,delivered
SEI-road-20250605-001,ORD-000815,2,PRO-ZC5,1,西濃運輸,road,2025-06-05,2025-06-05 23:00:17,2025-06-05,2025-06-10 10:00:17,delivered
SEI-air-20250601-001,ORD-000815,1,PSP-YF7,5,西濃運輸,air,2025-06-01,2025-06-01 21:39:17,2025-06-01,2025-06-03 15:22:17,delivered
SEI-air-20250601-001,ORD-000815,2,PRO-ZC5,3,西濃運輸,air,2025-06-01,2025-06-01 21:39:17,2025-06-01,2025-06-03 15:22:17,delivered
HNL-sea-20250609-001,ORD-000816,1,ZRV-RZ3,1,ホンダロジスティクス,sea,2025-06-09,2025-06-09 22:30:45,2025-06-09,2025-06-14 15:34:45,delayed
HNL-sea-20250609-001,ORD-000816,2,HDE-ZC1,5,ホンダロジスティクス,sea,2025-06-09,2025-06-09 22:30:45,2025-06-09,2025-06-14 15:34:45,delayed
HNL-sea-20250609-001,ORD-000816,3,VZL-RV3,1,ホンダロジスティクス,sea,2025-06-09,2025-06-09 22:30:45,2025-06-09,2025-06-14 15:34:45,delayed
YML-air-20250621-001,ORD-000817,1,VZL-RV3,1,ヤマトロジスティクス,air,2025-06-21,2025-06-21 22:28:01,2025-06-21,2025-06-26 10:45:01,delayed
YML-air-20250621-001,ORD-000817,2,FRD-GB5,1,ヤマトロジスティクス,air,2025-06-21,2025-06-21 22:28:01,2025-06-21,2025-06-26 10:45:01,delayed
HNT-road-20250612-001,ORD-000818,1,HDE-ZC1,2,ホンダトランスポート,road,2025-06-12,2025-06-12 21:47:29,2025-06-12,2025-06-17 14:46:29,delivered
HNT-road-20250612-001,ORD-000818,2,SWN-RP6,1,ホンダトランスポート,road,2025-06-12,2025-06-12 21:47:29,2025-06-12,2025-06-17 14:46:29,delivered
HNT-road-20250615-001,ORD-000818,1,HDE-ZC1,2,ホンダトランスポート,road,2025-06-15,2025-06-15 21:57:29,2025-06-15,2025-06-19 07:00:29,delivered
HNT-road-20250615-001,ORD-000818,2,SWN-RP6,1,ホンダトランスポート,road,2025-06-15,2025-06-15 21:57:29,2025-06-15,2025-06-19 07:00:29,delivered
NPL-road-20250611-001,ORD-000818,1,HDE-ZC1,2,日本通運,road,2025-06-11,2025-06-12 01:33:29,2025-06-11,2025-06-15 11:26:29,delivered
NPL-road-20250611-001,ORD-000818,2,SWN-RP6,2,日本通運,road,2025-06-11,2025-06-12 01:33:29,2025-06-11,2025-06-15 11:26:29,delivered
HNT-air-20250613-001,ORD-000819,1,FIT-GR3,3,ホンダトランスポート,air,2025-06-13,2025-06-14 04:23:34,2025-06-13,2025-06-17 14:43:34,delivered
YML-air-20250612-001,ORD-000819,1,FIT-GR3,3,ヤマトロジスティクス,air,2025-06-12,2025-06-12 23:32:34,2025-06-12,2025-06-14 11:42:34,delivered
HNL-sea-20250620-001,ORD-000820,1,VZL-RV3,3,ホンダロジスティクス,sea,2025-06-20,2025-06-21 00:44:26,2025-06-20,2025-06-27 18:20:26,delivered
NPL-sea-20250618-001,ORD-000820,1,VZL-RV3,3,日本通運,sea,2025-06-18,2025-06-18 21:17:26,2025-06-18,2025-06-21 08:20:26,delivered
NPL-air-20250614-001,ORD-000820,1,VZL-RV3,3,日本通運,air,2025-06-14,2025-06-15 01:13:26,2025-06-14,2025-06-17 09:51:26,delivered
HNT-sea-20250616-001,ORD-000821,1,NOE-JG4,3,ホンダトランスポート,sea,2025-06-16,2025-06-17 01:52:36,2025-06-16,2025-06-21 11:49:36,delivered
SEI-air-20250619-001,ORD-000821,1,NOE-JG4,3,西濃運輸,air,2025-06-19,2025-06-20 02:38:36,2025-06-19,2025-06-21 20:05:36,delivered
NPL-road-20250620-001,ORD-000821,1,NOE-JG4,3,日本通運,road,2025-06-20,2025-06-21 02:43:36,2025-06-20,2025-06-26 19:31:36,delayed
YML-road-20250705-001,ORD-000822,1,VZL-RV3,1,ヤマトロジスティクス,road,2025-07-05,2025-07-06 05:35:09,2025-07-05,2025-07-10 15:22:09,delayed
YML-sea-20250617-001,ORD-000823,1,ZRV-RZ3,8,ヤマトロジスティクス,sea,2025-06-17,2025-06-18 04:46:47,2025-06-17,2025-06-22 15:33:47,delivered
HNL-road-20250624-001,ORD-000824,1,SWN-RP6,3,ホンダロジスティクス,road,2025-06-24,2025-06-25 05:33:39,2025-06-24,2025-06-26 20:02:39,delivered
HNL-road-20250624-001,ORD-000824,2,FRD-GB5,1,ホンダロジスティクス,road,2025-06-24,2025-06-25 05:33:39,2025-06-24,2025-06-26 20:02:39,delivered
NPL-road-20250620-002,ORD-000824,1,SWN-RP6,3,日本通運,road,2025-06-20,2025-06-21 04:47:39,2025-06-20,2025-06-22 13:14:39,delivered
NPL-road-20250620-002,ORD-000824,2,FRD-GB5,2,日本通運,road,2025-06-20,2025-06-21 04:47:39,2025-06-20,2025-06-22 13:14:39,delivered
YML-sea-20250623-001,ORD-000825,1,FIT-GR3,1,ヤマトロジスティクス,sea,2025-06-23,2025-06-24 02:48:17,2025-06-23,2025-06-25 12:18:17,delivered
NPL-sea-20250626-001,ORD-000825,1,FIT-GR3,1,日本通運,sea,2025-06-26,2025-06-27 06:09:17,2025-06-26,2025-07-02 23:00:17,delayed
HNT-road-20250620-001,ORD-000825,1,FIT-GR3,3,ホンダトランスポート,road,2025-06-20,2025-06-21 05:55:17,2025-06-20,2025-06-22 21:11:17,delivered
HNT-road-20250620-001,ORD-000825,2,VZL-RV3,1,ホンダトランスポート,road,2025-06-20,2025-06-21 05:55:17,2025-06-20,2025-06-22 21:11:17,delivered
HNT-road-20250620-001,ORD-000825,3,SWN-RP6,1,ホンダトランスポート,road,2025-06-20,2025-06-21 05:55:17,2025-06-20,2025-06-22 21:11:17,delivered
YML-road-20250623-001,ORD-000826,1,ZRV-RZ3,1,ヤマトロジスティクス,road,2025-06-23,2025-06-24 03:07:38,2025-06-23,2025-06-29 18:10:38,delivered
HNT-air-20250703-001,ORD-000827,1,FIT-GR3,5,ホンダトランスポート,air,2025-07-03,2025-07-04 04:37:22,2025-07-03,2025-07-10 21:33:22,delayed
HNT-air-20250621-001,ORD-000827,1,FIT-GR3,5,ホンダトランスポート,air,2025-06-21,2025-06-22 07:29:22,2025-06-21,2025-06-27 21:18:22,delivered
NPL-air-20250622-001,ORD-000828,1,VZL-RV3,2,日本通運,air,2025-06-22,2025-06-23 00:12:56,2025-06-22,2025-06-29 15:50:56,delivered
NPL-air-20250622-001,ORD-000828,2,ZRV-RZ3,1,日本通運,air,2025-06-22,2025-06-23 00:12:56,2025-06-22,2025-06-29 15:50:56,delivered
NPL-air-20250622-001,ORD-000828,3,FRD-GB5,1,日本通運,air,2025-06-22,2025-06-23 00:12:56,2025-06-22,2025-06-29 15:50:56,delivered
YML-sea-20250625-001,ORD-000829,1,ZRV-RZ3,5,ヤマトロジスティクス,sea,2025-06-25,2025-06-25 23:59:34,2025-06-25,2025-06-28 14:36:34,delivered
HNT-sea-20250703-001,ORD-000830,1,FRD-GB5,1,ホンダトランスポート,sea,2025-07-03,2025-07-04 10:27:00,2025-07-03,2025-07-10 03:32:00,delayed
HNT-sea-20250703-001,ORD-000830,2,SWN-RP6,1,ホンダトランスポート,sea,2025-07-03,2025-07-04 10:27:00,2025-07-03,2025-07-10 03:32:00,delayed
HNT-sea-20250703-001,ORD-000830,3,ZRV-RZ3,1,ホンダトランスポート,sea,2025-07-03,2025-07-04 10:27:00,2025-07-03,2025-07-10 03:32:00,delayed
NPL-sea-20250704-001,ORD-000831,2,SWN-RP6,1,日本通運,sea,2025-07-04,2025-07-04 22:58:46,2025-07-04,2025-07-11 16:15:46,delivered
YML-air-20250630-001,ORD-000831,1,VZL-RV3,1,ヤマトロジスティクス,air,2025-06-30,2025-07-01 02:32:46,2025-06-30,2025-07-06 12:57:46,delivered
YML-air-20250630-001,ORD-000831,2,SWN-RP6,1,ヤマトロジスティクス,air,2025-06-30,2025-07-01 02:32:46,2025-06-30,2025-07-06 12:57:46,delivered
SEI-sea-20250703-001,ORD-000832,2,FIT-GR3,1,西濃運輸,sea,2025-07-03,2025-07-04 04:59:32,2025-07-03,2025-07-06 20:14:32,delayed
HNL-sea-20250630-001,ORD-000832,2,FIT-GR3,1,ホンダロジスティクス,sea,2025-06-30,2025-07-01 04:45:32,2025-06-30,2025-07-03 19:39:32,delivered
HNT-road-20250703-001,ORD-000832,1,HDE-ZC1,2,ホンダトランスポート,road,2025-07-03,2025-07-04 03:25:32,2025-07-03,2025-07-05 15:29:32,delivered
HNT-road-20250703-001,ORD-000832,2,FIT-GR3,1,ホンダトランスポート,road,2025-07-03,2025-07-04 03:25:32,2025-07-03,2025-07-05 15:29:32,delivered
HNT-road-20250703-001,ORD-000832,3,ZRV-RZ3,2,ホンダトランスポート,road,2025-07-03,2025-07-04 03:25:32,2025-07-03,2025-07-05 15:29:32,delivered
HNT-sea-20250710-001,ORD-000833,1,FIT-GR3,1,ホンダトランスポート,sea,2025-07-10,2025-07-11 01:30:49,2025-07-10,2025-07-17 17:21:49,delayed
HNT-sea-20250710-001,ORD-000833,2,VZL-RV3,1,ホンダトランスポート,sea,2025-07-10,2025-07-11 01:30:49,2025-07-10,2025-07-17 17:21:49,delayed
SEI-road-20250703-001,ORD-000833,1,FIT-GR3,1,西濃運輸,road,2025-07-03,2025-07-04 02:37:49,2025-07-03,2025-07-09 19:59:49,delivered
SEI-road-20250703-001,ORD-000833,2,VZL-RV3,1,西濃運輸,road,2025-07-03,2025-07-04 02:37:49,2025-07-03,2025-07-09 19:59:49,delivered
SEI-sea-20250709-001,ORD-000834,2,SWN-RP6,1,西濃運輸,sea,2025-07-09,2025-07-10 01:32:13,2025-07-09,2025-07-11 13:05:13,delayed
SEI-sea-20250709-001,ORD-000834,3,ZRV-RZ3,1,西濃運輸,sea,2025-07-09,2025-07-10 01:32:13,2025-07-09,2025-07-11 13:05:13,delayed
HNL-sea-20250706-001,ORD-000834,1,NOE-JG4,1,ホンダロジスティクス,sea,2025-07-06,2025-07-07 06:04:13,2025-07-06,2025-07-08 22:36:13,delivered
HNL-sea-20250706-001,ORD-000834,2,SWN-RP6,2,ホンダロジスティクス,sea,2025-07-06,2025-07-07 06:04:13,2025-07-06,2025-07-08 22:36:13,delivered
HNL-sea-20250706-001,ORD-000834,3,ZRV-RZ3,1,ホンダロジスティクス,sea,2025-07-06,2025-07-07 06:04:13,2025-07-06,2025-07-08 22:36:13,delivered
NPL-sea-20250710-001,ORD-000835,1,FIT-GR3,1,日本通運,sea,2025-07-10,2025-07-10 22:43:58,2025-07-10,2025-07-16 10:39:58,delivered
NPL-sea-20250710-001,ORD-000835,2,ZRV-RZ3,1,日本通運,sea,2025-07-10,2025-07-10 22:43:58,2025-07-10,2025-07-16 10:39:58,delivered
NPL-sea-20250720-001,ORD-000836,1,FRD-GB5,1,日本通運,sea,2025-07-20,2025-07-20 20:12:29,2025-07-20,2025-07-22 12:31:29,delayed
HNL-road-20250711-001,ORD-000837,1,ZRV-RZ3,2,ホンダロジスティクス,road,2025-07-11,2025-07-12 01:57:23,2025-07-11,2025-07-14 18:29:23,delivered
HNL-road-20250711-001,ORD-000837,2,SWN-RP6,1,ホンダロジスティクス,road,2025-07-11,2025-07-12 01:57:23,2025-07-11,2025-07-14 18:29:23,delivered
HNL-road-20250711-001,ORD-000837,3,VZL-RV3,1,ホンダロジスティクス,road,2025-07-11,2025-07-12 01:57:23,2025-07-11,2025-07-14 18:29:23,delivered
YML-sea-20250712-001,ORD-000837,1,ZRV-RZ3,2,ヤマトロジスティクス,sea,2025-07-12,2025-07-13 01:14:23,2025-07-12,2025-07-14 15:56:23,delivered
YML-sea-20250712-001,ORD-000837,2,SWN-RP6,2,ヤマトロジスティクス,sea,2025-07-12,2025-07-13 01:14:23,2025-07-12,2025-07-14 15:56:23,delivered
YML-sea-20250712-001,ORD-000837,3,VZL-RV3,1,ヤマトロジスティクス,sea,2025-07-12,2025-07-13 01:14:23,2025-07-12,2025-07-14 15:56:23,delivered
HNL-air-20250715-001,ORD-000838,1,SWN-RP6,6,ホンダロジスティクス,air,2025-07-15,2025-07-15 23:12:37,2025-07-15,2025-07-18 09:58:37,delivered
HNL-air-20250720-001,ORD-000839,1,FRD-GB5,1,ホンダロジスティクス,air,2025-07-20,2025-07-21 03:48:33,2025-07-20,2025-07-24 20:02:33,delayed
HNL-air-20250720-001,ORD-000839,2,HDE-ZC1,1,ホンダロジスティクス,air,2025-07-20,2025-07-21 03:48:33,2025-07-20,2025-07-24 20:02:33,delayed
HNT-road-20250716-001,ORD-000839,1,FRD-GB5,1,ホンダトランスポート,road,2025-07-16,2025-07-17 02:07:33,2025-07-16,2025-07-23 11:25:33,delayed
HNT-road-20250716-001,ORD-000839,2,HDE-ZC1,1,ホンダトランスポート,road,2025-07-16,2025-07-17 02:07:33,2025-07-16,2025-07-23 11:25:33,delayed
HNT-air-20250712-001,ORD-000839,1,FRD-GB5,1,ホンダトランスポート,air,2025-07-12,2025-07-13 04:10:33,2025-07-12,2025-07-16 21:09:33,delivered
HNT-air-20250712-001,ORD-000839,2,HDE-ZC1,3,ホンダトランスポート,air,2025-07-12,2025-07-13 04:10:33,2025-07-12,2025-07-16 21:09:33,delivered
HNT-air-20250727-001,ORD-000840,1,NOE-JG4,5,ホンダトランスポート,air,2025-07-27,2025-07-27 22:28:06,2025-07-27,2025-07-31 06:49:06,delivered
HNT-air-20250727-001,ORD-000840,2,HDE-ZC1,2,ホンダトランスポート,air,2025-07-27,2025-07-27 22:28:06,2025-07-27,2025-07-31 06:49:06,delivered
HNL-air-20250727-001,ORD-000841,1,PRO-ZC5,38,ホンダロジスティクス,air,2025-07-27,2025-07-28 01:53:55,2025-07-27,2025-08-01 13:22:55,delayed
HNT-air-20250724-001,ORD-000842,1,PLT-YF3,14,ホンダトランスポート,air,2025-07-24,2025-07-24 18:03:09,2025-07-24,2025-07-29 02:06:09,delayed
HNT-air-20250724-001,ORD-000842,2,ENP-ENP1,2,ホンダトランスポート,air,2025-07-24,2025-07-24 18:03:09,2025-07-24,2025-07-29 02:06:09,delayed
HNT-air-20250724-001,ORD-000842,3,PRO-ZC5,2,ホンダトランスポート,air,2025-07-24,2025-07-24 18:03:09,2025-07-24,2025-07-29 02:06:09,delayed
HNT-air-20250724-001,ORD-000842,4,RDG-YF6,2,ホンダトランスポート,air,2025-07-24,2025-07-24 18:03:09,2025-07-24,2025-07-29 02:06:09,delayed
HNT-road-20250717-001,ORD-000842,1,PLT-YF3,15,ホンダトランスポート,road,2025-07-17,2025-07-17 21:34:09,2025-07-17,2025-07-24 08:56:09,delivered
HNT-road-20250717-001,ORD-000842,2,ENP-ENP1,3,ホンダトランスポート,road,2025-07-17,2025-07-17 21:34:09,2025-07-17,2025-07-24 08:56:09,delivered
HNT-road-20250717-001,ORD-000842,3,PRO-ZC5,3,ホンダトランスポート,road,2025-07-17,2025-07-17 21:34:09,2025-07-17,2025-07-24 08:56:09,delivered
HNT-road-20250717-001,ORD-000842,4,RDG-YF6,3,ホンダトランスポート,road,2025-07-17,2025-07-17 21:34:09,2025-07-17,2025-07-24 08:56:09,delivered
HNL-sea-20250715-001,ORD-000843,1,ACD-CV1,45,ホンダロジスティクス,sea,2025-07-15,2025-07-15 23:11:09,2025-07-15,2025-07-21 09:54:09,delivered
NPL-air-20250728-001,ORD-000844,1,FRD-GB5,1,日本通運,air,2025-07-28,2025-07-29 08:32:51,2025-07-28,2025-08-04 17:19:51,delayed
NPL-air-20250728-001,ORD-000844,2,ZRV-RZ3,1,日本通運,air,2025-07-28,2025-07-29 08:32:51,2025-07-28,2025-08-04 17:19:51,delayed
HNT-sea-20250724-001,ORD-000845,1,VZL-RV3,3,ホンダトランスポート,sea,2025-07-24,2025-07-25 00:27:26,2025-07-24,2025-07-31 12:30:26,delayed
YML-road-20250726-001,ORD-000845,1,VZL-RV3,3,ヤマトロジスティクス,road,2025-07-26,2025-07-27 00:11:26,2025-07-26,2025-07-30 14:35:26,delivered
SEI-air-20250721-001,ORD-000845,1,VZL-RV3,3,西濃運輸,air,2025-07-21,2025-07-21 22:27:26,2025-07-21,2025-07-26 07:52:26,delivered
YML-road-20250721-001,ORD-000846,1,VZL-RV3,3,ヤマトロジスティクス,road,2025-07-21,2025-07-22 02:55:20,2025-07-21,2025-07-28 12:15:20,delivered
YML-air-20250721-001,ORD-000846,1,VZL-RV3,3,ヤマトロジスティクス,air,2025-07-21,2025-07-22 05:42:20,2025-07-21,2025-07-23 22:02:20,delivered
SEI-air-20250729-001,ORD-000846,1,VZL-RV3,3,西濃運輸,air,2025-07-29,2025-07-30 09:54:20,2025-07-29,2025-08-01 03:09:20,delayed
YML-air-20250725-001,ORD-000847,1,FIT-GR3,2,ヤマトロジスティクス,air,2025-07-25,2025-07-26 01:43:53,2025-07-25,2025-07-31 17:43:53,delivered
SEI-sea-20250731-001,ORD-000847,1,FIT-GR3,2,西濃運輸,sea,2025-07-31,2025-08-01 07:32:53,2025-07-31,2025-08-07 18:44:53,delayed
YML-road-20250731-001,ORD-000847,1,FIT-GR3,2,ヤマトロジスティクス,road,2025-07-31,2025-08-01 01:51:53,2025-07-31,2025-08-07 16:12:53,delayed
NPL-road-20250729-001,ORD-000848,1,ZRV-RZ3,1,日本通運,road,2025-07-29,2025-07-29 22:44:55,2025-07-29,2025-08-05 08:54:55,delivered
NPL-road-20250729-001,ORD-000848,3,HDE-ZC1,2,日本通運,road,2025-07-29,2025-07-29 22:44:55,2025-07-29,2025-08-05 08:54:55,delivered
SEI-air-20250728-001,ORD-000848,1,ZRV-RZ3,2,西濃運輸,air,2025-07-28,2025-07-28 20:58:55,2025-07-28,2025-08-04 13:59:55,delivered
SEI-air-20250728-001,ORD-000848,2,FRD-GB5,1,西濃運輸,air,2025-07-28,2025-07-28 20:58:55,2025-07-28,2025-08-04 13:59:55,delivered
SEI-air-20250728-001,ORD-000848,3,HDE-ZC1,2,西濃運輸,air,2025-07-28,2025-07-28 20:58:55,2025-07-28,2025-08-04 13:59:55,delivered
NPL-sea-20250725-001,ORD-000849,1,FIT-GR3,2,日本通運,sea,2025-07-25,2025-07-26 07:34:20,2025-07-25,2025-07-30 16:45:20,delivered
NPL-sea-20250725-001,ORD-000849,2,ZRV-RZ3,1,日本通運,sea,2025-07-25,2025-07-26 07:34:20,2025-07-25,2025-07-30 16:45:20,delivered
HNT-air-20250725-001,ORD-000849,1,FIT-GR3,2,ホンダトランスポート,air,2025-07-25,2025-07-26 06:48:20,2025-07-25,2025-07-29 17:22:20,delivered
HNT-air-20250725-001,ORD-000849,2,ZRV-RZ3,1,ホンダトランスポート,air,2025-07-25,2025-07-26 06:48:20,2025-07-25,2025-07-29 17:22:20,delivered
YML-sea-20250726-001,ORD-000849,1,FIT-GR3,2,ヤマトロジスティクス,sea,2025-07-26,2025-07-27 06:29:20,2025-07-26,2025-07-30 19:12:20,delivered
YML-sea-20250726-001,ORD-000849,2,ZRV-RZ3,2,ヤマトロジスティクス,sea,2025-07-26,2025-07-27 06:29:20,2025-07-26,2025-07-30 19:12:20,delivered
NPL-air-20250730-001,ORD-000850,1,HDE-ZC1,2,日本通運,air,2025-07-30,2025-07-30 22:09:21,2025-07-30,2025-08-04 06:24:21,delivered
SEI-sea-20250802-001,ORD-000850,1,HDE-ZC1,2,西濃運輸,sea,2025-08-02,2025-08-03 02:32:21,2025-08-02,2025-08-05 19:19:21,delivered
YML-road-20250729-001,ORD-000850,1,HDE-ZC1,3,ヤマトロジスティクス,road,2025-07-29,2025-07-30 01:59:21,2025-07-29,2025-08-02 17:02:21,delivered
YML-road-20250730-001,ORD-000851,1,SWN-RP6,1,ヤマトロジスティクス,road,2025-07-30,2025-07-31 00:24:20,2025-07-30,2025-08-03 09:33:20,delivered
YML-road-20250730-001,ORD-000851,2,FIT-GR3,1,ヤマトロジスティクス,road,2025-07-30,2025-07-31 00:24:20,2025-07-30,2025-08-03 09:33:20,delivered
SEI-air-20250730-001,ORD-000852,1,HDE-ZC1,2,西濃運輸,air,2025-07-30,2025-07-30 19:50:28,2025-07-30,2025-08-03 05:50:28,delivered
SEI-air-20250730-001,ORD-000852,2,ZRV-RZ3,1,西濃運輸,air,2025-07-30,2025-07-30 19:50:28,2025-07-30,2025-08-03 05:50:28,delivered
SEI-sea-20250804-001,ORD-000853,1,FIT-GR3,2,西濃運輸,sea,2025-08-04,2025-08-04 21:51:07,2025-08-04,2025-08-10 10:53:07,delivered
YML-sea-20250816-001,ORD-000853,1,FIT-GR3,2,ヤマトロジスティクス,sea,2025-08-16,2025-08-16 20:50:07,2025-08-16,2025-08-21 12:19:07,delayed
HNT-road-20250815-001,ORD-000853,1,FIT-GR3,2,ホンダトランスポート,road,2025-08-15,2025-08-15 20:52:07,2025-08-15,2025-08-17 07:10:07,delivered
NPL-air-20250806-001,ORD-000854,1,HDE-ZC1,7,日本通運,air,2025-08-06,2025-08-07 01:57:42,2025-08-06,2025-08-13 16:40:42,delayed
NPL-sea-20250814-001,ORD-000855,1,VZL-RV3,1,日本通運,sea,2025-08-14,2025-08-15 02:35:13,2025-08-14,2025-08-16 14:56:13,delivered
NPL-sea-20250814-001,ORD-000855,2,SWN-RP6,2,日本通運,sea,2025-08-14,2025-08-15 02:35:13,2025-08-14,2025-08-16 14:56:13,delivered
NPL-sea-20250814-001,ORD-000855,3,ZRV-RZ3,1,日本通運,sea,2025-08-14,2025-08-15 02:35:13,2025-08-14,2025-08-16 14:56:13,delivered
HNL-road-20250820-001,ORD-000855,1,VZL-RV3,2,ホンダロジスティクス,road,2025-08-20,2025-08-21 02:41:13,2025-08-20,2025-08-22 14:08:13,delivered
HNL-road-20250820-001,ORD-000855,2,SWN-RP6,2,ホンダロジスティクス,road,2025-08-20,2025-08-21 02:41:13,2025-08-20,2025-08-22 14:08:13,delivered
HNL-road-20250820-001,ORD-000855,3,ZRV-RZ3,2,ホンダロジスティクス,road,2025-08-20,2025-08-21 02:41:13,2025-08-20,2025-08-22 14:08:13,delivered
NPL-sea-20250805-001,ORD-000856,1,ZRV-RZ3,2,日本通運,sea,2025-08-05,2025-08-05 22:27:14,2025-08-05,2025-08-10 06:35:14,delivered
NPL-sea-20250805-001,ORD-000856,2,SWN-RP6,1,日本通運,sea,2025-08-05,2025-08-05 22:27:14,2025-08-05,2025-08-10 06:35:14,delivered
NPL-sea-20250805-001,ORD-000856,3,HDE-ZC1,1,日本通運,sea,2025-08-05,2025-08-05 22:27:14,2025-08-05,2025-08-10 06:35:14,delivered
HNT-air-20250808-001,ORD-000857,1,ZRV-RZ3,4,ホンダトランスポート,air,2025-08-08,2025-08-09 03:00:07,2025-08-08,2025-08-10 14:45:07,delivered
SEI-sea-20250818-001,ORD-000858,1,VZL-RV3,9,西濃運輸,sea,2025-08-18,2025-08-19 00:29:12,2025-08-18,2025-08-25 17:25:12,delayed
SEI-sea-20250818-001,ORD-000858,2,HDE-ZC1,1,西濃運輸,sea,2025-08-18,2025-08-19 00:29:12,2025-08-18,2025-08-25 17:25:12,delayed
NPL-sea-20250818-001,ORD-000859,1,HDE-ZC1,4,日本通運,sea,2025-08-18,2025-08-19 00:11:37,2025-08-18,2025-08-25 15:11:37,delivered
HNL-sea-20250813-001,ORD-000860,3,NOE-JG4,1,ホンダロジスティクス,sea,2025-08-13,2025-08-14 01:37:37,2025-08-13,2025-08-15 17:23:37,delivered
YML-air-20250820-001,ORD-000860,3,NOE-JG4,1,ヤマトロジスティクス,air,2025-08-20,2025-08-21 02:06:37,2025-08-20,2025-08-27 11:02:37,delayed
SEI-road-20250817-001,ORD-000860,1,ZRV-RZ3,1,西濃運輸,road,2025-08-17,2025-08-18 07:10:37,2025-08-17,2025-08-23 20:53:37,delayed
SEI-road-20250817-001,ORD-000860,2,HDE-ZC1,2,西濃運輸,road,2025-08-17,2025-08-18 07:10:37,2025-08-17,2025-08-23 20:53:37,delayed
SEI-road-20250817-001,ORD-000860,3,NOE-JG4,3,西濃運輸,road,2025-08-17,2025-08-18 07:10:37,2025-08-17,2025-08-23 20:53:37,delayed
YML-sea-20250817-001,ORD-000861,1,VZL-RV3,4,ヤマトロジスティクス,sea,2025-08-17,2025-08-17 23:51:11,2025-08-17,2025-08-20 13:11:11,delayed
NPL-sea-20250815-001,ORD-000861,1,VZL-RV3,5,日本通運,sea,2025-08-15,2025-08-16 02:53:11,2025-08-15,2025-08-19 12:09:11,delayed
HNT-sea-20250813-001,ORD-000862,1,SWN-RP6,1,ホンダトランスポート,sea,2025-08-13,2025-08-14 03:13:10,2025-08-13,2025-08-16 11:34:10,delivered
HNT-sea-20250813-001,ORD-000862,2,FRD-GB5,3,ホンダトランスポート,sea,2025-08-13,2025-08-14 03:13:10,2025-08-13,2025-08-16 11:34:10,delivered
HNT-sea-20250813-001,ORD-000862,3,ZRV-RZ3,1,ホンダトランスポート,sea,2025-08-13,2025-08-14 03:13:10,2025-08-13,2025-08-16 11:34:10,delivered
NPL-road-20250819-001,ORD-000863,1,NOE-JG4,1,日本通運,road,2025-08-19,2025-08-19 18:16:44,2025-08-19,2025-08-24 04:26:44,delivered
NPL-road-20250819-001,ORD-000863,2,SWN-RP6,1,日本通運,road,2025-08-19,2025-08-19 18:16:44,2025-08-19,2025-08-24 04:26:44,delivered
HNT-road-20250823-001,ORD-000864,1,RDG-YF6,10,ホンダトランスポート,road,2025-08-23,2025-08-24 03:31:13,2025-08-23,2025-08-28 18:18:13,delayed
HNT-road-20250823-001,ORD-000864,2,CRV-RT5,5,ホンダトランスポート,road,2025-08-23,2025-08-24 03:31:13,2025-08-23,2025-08-28 18:18:13,delayed
HNT-road-20250823-001,ORD-000864,3,ENP-ENP1,5,ホンダトランスポート,road,2025-08-23,2025-08-24 03:31:13,2025-08-23,2025-08-28 18:18:13,delayed
YML-road-20250824-001,ORD-000865,1,NOE-JG4,3,ヤマトロジスティクス,road,2025-08-24,2025-08-25 01:32:18,2025-08-24,2025-08-31 17:42:18,delivered
SEI-sea-20250824-001,ORD-000865,1,NOE-JG4,3,西濃運輸,sea,2025-08-24,2025-08-25 03:55:18,2025-08-24,2025-08-27 15:07:18,delivered
SEI-air-20250823-001,ORD-000865,1,NOE-JG4,3,西濃運輸,air,2025-08-23,2025-08-24 01:13:18,2025-08-23,2025-08-25 12:12:18,delivered
SEI-sea-20250821-001,ORD-000866,1,NOE-JG4,7,西濃運輸,sea,2025-08-21,2025-08-22 00:24:30,2025-08-21,2025-08-25 09:51:30,delivered
HNL-air-20250824-001,ORD-000867,1,VZL-RV3,2,ホンダロジスティクス,air,2025-08-24,2025-08-25 02:52:36,2025-08-24,2025-08-26 14:25:36,delivered
HNL-sea-20250824-001,ORD-000868,1,ZRV-RZ3,10,ホンダロジスティクス,sea,2025-08-24,2025-08-25 01:51:26,2025-08-24,2025-08-30 18:31:26,delivered
NPL-sea-20250824-001,ORD-000869,1,FRD-GB5,4,日本通運,sea,2025-08-24,2025-08-24 21:52:24,2025-08-24,2025-08-30 11:31:24,delivered
NPL-sea-20250824-001,ORD-000869,2,NOE-JG4,1,日本通運,sea,2025-08-24,2025-08-24 21:52:24,2025-08-24,2025-08-30 11:31:24,delivered
YML-road-20250830-001,ORD-000870,1,VZL-RV3,1,ヤマトロジスティクス,road,2025-08-30,2025-08-31 04:13:14,2025-08-30,2025-09-04 13:52:14,delayed
YML-road-20250830-001,ORD-000870,2,FIT-GR3,1,ヤマトロジスティクス,road,2025-08-30,2025-08-31 04:13:14,2025-08-30,2025-09-04 13:52:14,delayed
YML-road-20250830-001,ORD-000870,3,SWN-RP6,1,ヤマトロジスティクス,road,2025-08-30,2025-08-31 04:13:14,2025-08-30,2025-09-04 13:52:14,delayed
HNL-sea-20250830-001,ORD-000870,1,VZL-RV3,1,ホンダロジスティクス,sea,2025-08-30,2025-08-30 20:52:14,2025-08-30,2025-09-05 10:43:14,delayed
HNL-sea-20250830-001,ORD-000870,2,FIT-GR3,1,ホンダロジスティクス,sea,2025-08-30,2025-08-30 20:52:14,2025-08-30,2025-09-05 10:43:14,delayed
HNL-sea-20250830-001,ORD-000870,3,SWN-RP6,1,ホンダロジスティクス,sea,2025-08-30,2025-08-30 20:52:14,2025-08-30,2025-09-05 10:43:14,delayed
YML-sea-20250906-001,ORD-000871,1,NOE-JG4,1,ヤマトロジスティクス,sea,2025-09-06,2025-09-06 23:42:21,2025-09-06,2025-09-12 12:26:21,delayed
YML-road-20250830-002,ORD-000871,1,NOE-JG4,1,ヤマトロジスティクス,road,2025-08-30,2025-08-30 20:13:21,2025-08-30,2025-09-04 09:12:21,delivered
NPL-air-20250903-001,ORD-000871,1,NOE-JG4,2,日本通運,air,2025-09-03,2025-09-03 19:02:21,2025-09-03,2025-09-10 04:59:21,delivered
NPL-air-20250903-001,ORD-000871,2,FRD-GB5,1,日本通運,air,2025-09-03,2025-09-03 19:02:21,2025-09-03,2025-09-10 04:59:21,delivered
SEI-sea-20250910-001,ORD-000872,1,SWN-RP6,5,西濃運輸,sea,2025-09-10,2025-09-11 00:49:27,2025-09-10,2025-09-17 15:45:27,delayed
NPL-air-20250909-001,ORD-000873,1,HDE-ZC1,6,日本通運,air,2025-09-09,2025-09-09 21:20:13,2025-09-09,2025-09-12 15:01:13,delivered
NPL-air-20250909-001,ORD-000873,2,FRD-GB5,1,日本通運,air,2025-09-09,2025-09-09 21:20:13,2025-09-09,2025-09-12 15:01:13,delivered
YML-air-20250914-001,ORD-000874,1,SWN-RP6,5,ヤマトロジスティクス,air,2025-09-14,2025-09-15 03:56:01,2025-09-14,2025-09-21 16:39:01,delayed
YML-air-20250906-001,ORD-000875,1,CRV-RT5,2,ヤマトロジスティクス,air,2025-09-06,2025-09-07 01:23:56,2025-09-06,2025-09-11 09:37:56,delayed
YML-air-20250906-001,ORD-000875,2,RDG-YF6,10,ヤマトロジスティクス,air,2025-09-06,2025-09-07 01:23:56,2025-09-06,2025-09-11 09:37:56,delayed
YML-air-20250906-001,ORD-000875,3,ACD-CV1,14,ヤマトロジスティクス,air,2025-09-06,2025-09-07 01:23:56,2025-09-06,2025-09-11 09:37:56,delayed
YML-air-20250905-001,ORD-000875,1,CRV-RT5,3,ヤマトロジスティクス,air,2025-09-05,2025-09-06 03:33:56,2025-09-05,2025-09-07 14:11:56,delivered
YML-air-20250905-001,ORD-000875,2,RDG-YF6,11,ヤマトロジスティクス,air,2025-09-05,2025-09-06 03:33:56,2025-09-05,2025-09-07 14:11:56,delivered
YML-air-20250905-001,ORD-000875,3,ACD-CV1,14,ヤマトロジスティクス,air,2025-09-05,2025-09-06 03:33:56,2025-09-05,2025-09-07 14:11:56,delivered
HNT-road-20250909-001,ORD-000876,1,PRO-ZC5,2,ホンダトランスポート,road,2025-09-09,2025-09-10 05:04:43,2025-09-09,2025-09-15 14:01:43,delayed
HNT-road-20250909-001,ORD-000876,2,ENP-ENP1,16,ホンダトランスポート,road,2025-09-09,2025-09-10 05:04:43,2025-09-09,2025-09-15 14:01:43,delayed
HNT-road-20250909-001,ORD-000876,3,CRV-RT5,2,ホンダトランスポート,road,2025-09-09,2025-09-10 05:04:43,2025-09-09,2025-09-15 14:01:43,delayed
HNT-road-20250909-001,ORD-000876,4,ODY-RC1,2,ホンダトランスポート,road,2025-09-09,2025-09-10 05:04:43,2025-09-09,2025-09-15 14:01:43,delayed
HNL-air-20250906-001,ORD-000876,1,PRO-ZC5,3,ホンダロジスティクス,air,2025-09-06,2025-09-07 03:29:43,2025-09-06,2025-09-08 17:59:43,delivered
HNL-air-20250906-001,ORD-000876,2,ENP-ENP1,16,ホンダロジスティクス,air,2025-09-06,2025-09-07 03:29:43,2025-09-06,2025-09-08 17:59:43,delivered
HNL-air-20250906-001,ORD-000876,3,CRV-RT5,3,ホンダロジスティクス,air,2025-09-06,2025-09-07 03:29:43,2025-09-06,2025-09-08 17:59:43,delivered
HNL-air-20250906-001,ORD-000876,4,ODY-RC1,3,ホンダロジスティクス,air,2025-09-06,2025-09-07 03:29:43,2025-09-06,2025-09-08 17:59:43,delivered
NPL-sea-20250913-001,ORD-000877,1,FIT-GR3,1,日本通運,sea,2025-09-13,2025-09-14 01:47:00,2025-09-13,2025-09-17 12:12:00,delivered
HNT-sea-20250915-001,ORD-000878,1,VZL-RV3,1,ホンダトランスポート,sea,2025-09-15,2025-09-15 22:25:07,2025-09-15,2025-09-22 15:26:07,delayed
HNT-sea-20250915-001,ORD-000878,2,HDE-ZC1,2,ホンダトランスポート,sea,2025-09-15,2025-09-15 22:25:07,2025-09-15,2025-09-22 15:26:07,delayed
NPL-road-20250917-001,ORD-000878,1,VZL-RV3,2,日本通運,road,2025-09-17,2025-09-17 22:19:07,2025-09-17,2025-09-23 06:19:07,delayed
NPL-road-20250917-001,ORD-000878,2,HDE-ZC1,3,日本通運,road,2025-09-17,2025-09-17 22:19:07,2025-09-17,2025-09-23 06:19:07,delayed
HNT-sea-20250918-001,ORD-000879,1,VZL-RV3,4,ホンダトランスポート,sea,2025-09-18,2025-09-19 06:09:38,2025-09-18,2025-09-21 16:25:38,delayed
HNT-sea-20250918-001,ORD-000879,2,FRD-GB5,5,ホンダトランスポート,sea,2025-09-18,2025-09-19 06:09:38,2025-09-18,2025-09-21 16:25:38,delayed
HNL-air-20250917-001,ORD-000880,2,SWN-RP6,1,ホンダロジスティクス,air,2025-09-17,2025-09-18 04:42:56,2025-09-17,2025-09-22 19:47:56,delivered
HNT-air-20250913-001,ORD-000880,1,ZRV-RZ3,1,ホンダトランスポート,air,2025-09-13,2025-09-14 06:13:56,2025-09-13,2025-09-19 15:30:56,delivered
HNT-air-20250913-001,ORD-000880,2,SWN-RP6,2,ホンダトランスポート,air,2025-09-13,2025-09-14 06:13:56,2025-09-13,2025-09-19 15:30:56,delivered
NPL-road-20250914-001,ORD-000881,2,ZRV-RZ3,4,日本通運,road,2025-09-14,2025-09-14 20:37:44,2025-09-14,2025-09-19 08:29:44,delivered
NPL-road-20250911-001,ORD-000881,1,SWN-RP6,1,日本通運,road,2025-09-11,2025-09-11 23:38:44,2025-09-11,2025-09-13 09:34:44,delivered
NPL-road-20250911-001,ORD-000881,2,ZRV-RZ3,5,日本通運,road,2025-09-11,2025-09-11 23:38:44,2025-09-11,2025-09-13 09:34:44,delivered
HNL-road-20250914-001,ORD-000882,1,NOE-JG4,2,ホンダロジスティクス,road,2025-09-14,2025-09-15 01:42:26,2025-09-14,2025-09-19 12:13:26,delivered
HNL-road-20250914-001,ORD-000882,2,HDE-ZC1,7,ホンダロジスティクス,road,2025-09-14,2025-09-15 01:42:26,2025-09-14,2025-09-19 12:13:26,delivered
NPL-sea-20250914-002,ORD-000883,1,SWN-RP6,1,日本通運,sea,2025-09-14,2025-09-14 21:35:28,2025-09-14,2025-09-19 14:17:28,delivered
SEI-sea-20250920-001,ORD-000884,1,NOE-JG4,1,西濃運輸,sea,2025-09-20,2025-09-21 00:44:30,2025-09-20,2025-09-24 08:52:30,delivered
SEI-sea-20250920-001,ORD-000884,2,ZRV-RZ3,1,西濃運輸,sea,2025-09-20,2025-09-21 00:44:30,2025-09-20,2025-09-24 08:52:30,delivered
SEI-sea-20250920-001,ORD-000884,3,SWN-RP6,1,西濃運輸,sea,2025-09-20,2025-09-21 00:44:30,2025-09-20,2025-09-24 08:52:30,delivered
NPL-air-20250917-001,ORD-000885,1,ZRV-RZ3,1,日本通運,air,2025-09-17,2025-09-18 02:36:02,2025-09-17,2025-09-20 17:37:02,delivered
NPL-air-20250917-001,ORD-000885,3,HDE-ZC1,1,日本通運,air,2025-09-17,2025-09-18 02:36:02,2025-09-17,2025-09-20 17:37:02,delivered
NPL-sea-20250927-001,ORD-000885,1,ZRV-RZ3,1,日本通運,sea,2025-09-27,2025-09-27 23:33:02,2025-09-27,2025-09-29 15:05:02,delivered
NPL-sea-20250927-001,ORD-000885,3,HDE-ZC1,1,日本通運,sea,2025-09-27,2025-09-27 23:33:02,2025-09-27,2025-09-29 15:05:02,delivered
HNL-road-20250919-001,ORD-000885,1,ZRV-RZ3,2,ホンダロジスティクス,road,2025-09-19,2025-09-19 20:12:02,2025-09-19,2025-09-24 11:28:02,delivered
HNL-road-20250919-001,ORD-000885,2,SWN-RP6,1,ホンダロジスティクス,road,2025-09-19,2025-09-19 20:12:02,2025-09-19,2025-09-24 11:28:02,delivered
HNL-road-20250919-001,ORD-000885,3,HDE-ZC1,1,ホンダロジスティクス,road,2025-09-19,2025-09-19 20:12:02,2025-09-19,2025-09-24 11:28:02,delivered
HNL-sea-20250923-001,ORD-000886,1,ZRV-RZ3,1,ホンダロジスティクス,sea,2025-09-23,2025-09-23 18:26:42,2025-09-23,2025-09-30 02:28:42,delivered
HNL-sea-20250923-001,ORD-000886,2,SWN-RP6,1,ホンダロジスティクス,sea,2025-09-23,2025-09-23 18:26:42,2025-09-23,2025-09-30 02:28:42,delivered
HNL-sea-20250923-001,ORD-000886,3,NOE-JG4,2,ホンダロジスティクス,sea,2025-09-23,2025-09-23 18:26:42,2025-09-23,2025-09-30 02:28:42,delivered
YML-air-20250929-001,ORD-000887,1,FRD-GB5,1,ヤマトロジスティクス,air,2025-09-29,2025-09-29 20:19:30,2025-09-29,2025-10-05 10:13:30,delivered
YML-air-20250929-001,ORD-000887,2,SWN-RP6,1,ヤマトロジスティクス,air,2025-09-29,2025-09-29 20:19:30,2025-09-29,2025-10-05 10:13:30,delivered
HNL-road-20250929-001,ORD-000888,1,ZRV-RZ3,3,ホンダロジスティクス,road,2025-09-29,2025-09-30 01:33:33,2025-09-29,2025-10-04 16:43:33,delivered
HNL-sea-20250930-001,ORD-000888,1,ZRV-RZ3,3,ホンダロジスティクス,sea,2025-09-30,2025-09-30 22:32:33,2025-09-30,2025-10-05 09:29:33,delivered
NPL-road-20250925-001,ORD-000888,1,ZRV-RZ3,3,日本通運,road,2025-09-25,2025-09-26 01:44:33,2025-09-25,2025-09-29 16:46:33,delivered
SEI-sea-20250924-001,ORD-000889,1,FIT-GR3,5,西濃運輸,sea,2025-09-24,2025-09-25 05:00:25,2025-09-24,2025-09-30 21:05:25,delivered
HNL-road-20251001-001,ORD-000890,1,FRD-GB5,2,ホンダロジスティクス,road,2025-10-01,2025-10-02 07:20:37,2025-10-01,2025-10-07 22:44:37,delayed
SEI-air-20251004-001,ORD-000891,1,FRD-GB5,1,西濃運輸,air,2025-10-04,2025-10-05 02:36:11,2025-10-04,2025-10-11 18:57:11,delivered
SEI-air-20251004-001,ORD-000891,2,VZL-RV3,2,西濃運輸,air,2025-10-04,2025-10-05 02:36:11,2025-10-04,2025-10-11 18:57:11,delivered
NPL-sea-20251006-001,ORD-000891,1,FRD-GB5,1,日本通運,sea,2025-10-06,2025-10-06 21:23:11,2025-10-06,2025-10-08 12:13:11,delivered
NPL-sea-20251006-001,ORD-000891,2,VZL-RV3,3,日本通運,sea,2025-10-06,2025-10-06 21:23:11,2025-10-06,2025-10-08 12:13:11,delivered
NPL-sea-20251004-001,ORD-000892,1,FRD-GB5,2,日本通運,sea,2025-10-04,2025-10-05 07:34:26,2025-10-04,2025-10-08 20:32:26,delivered
SEI-air-20251001-001,ORD-000892,1,FRD-GB5,2,西濃運輸,air,2025-10-01,2025-10-02 08:25:26,2025-10-01,2025-10-05 16:42:26,delivered
YML-air-20251005-001,ORD-000893,1,CRV-RT5,2,ヤマトロジスティクス,air,2025-10-05,2025-10-06 01:45:16,2025-10-05,2025-10-08 15:00:16,delayed
YML-air-20251005-001,ORD-000893,2,ODY-RC1,7,ヤマトロジスティクス,air,2025-10-05,2025-10-06 01:45:16,2025-10-05,2025-10-08 15:00:16,delayed
HNT-sea-20251007-001,ORD-000893,1,CRV-RT5,3,ホンダトランスポート,sea,2025-10-07,2025-10-07 19:25:16,2025-10-07,2025-10-11 06:23:16,delayed
HNT-sea-20251007-001,ORD-000893,2,ODY-RC1,8,ホンダトランスポート,sea,2025-10-07,2025-10-07 19:25:16,2025-10-07,2025-10-11 06:23:16,delayed
HNL-road-20251006-001,ORD-000894,1,ACD-CV1,7,ホンダロジスティクス,road,2025-10-06,2025-10-07 08:18:25,2025-10-06,2025-10-10 19:52:25,delivered
HNL-road-20251006-001,ORD-000894,2,RDG-YF6,2,ホンダロジスティクス,road,2025-10-06,2025-10-07 08:18:25,2025-10-06,2025-10-10 19:52:25,delivered
HNL-road-20251006-001,ORD-000894,3,PLT-YF3,2,ホンダロジスティクス,road,2025-10-06,2025-10-07 08:18:25,2025-10-06,2025-10-10 19:52:25,delivered
HNL-air-20251003-001,ORD-000894,1,ACD-CV1,8,ホンダロジスティクス,air,2025-10-03,2025-10-04 10:04:25,2025-10-03,2025-10-08 21:25:25,delivered
HNL-air-20251003-001,ORD-000894,2,RDG-YF6,3,ホンダロジスティクス,air,2025-10-03,2025-10-04 10:04:25,2025-10-03,2025-10-08 21:25:25,delivered
HNL-air-20251003-001,ORD-000894,3,PLT-YF3,3,ホンダロジスティクス,air,2025-10-03,2025-10-04 10:04:25,2025-10-03,2025-10-08 21:25:25,delivered
YML-sea-20251010-001,ORD-000895,1,SWN-RP6,1,ヤマトロジスティクス,sea,2025-10-10,2025-10-10 21:28:40,2025-10-10,2025-10-16 09:05:40,delayed
HNT-air-20251011-001,ORD-000895,1,SWN-RP6,1,ホンダトランスポート,air,2025-10-11,2025-10-11 19:02:40,2025-10-11,2025-10-18 03:58:40,delayed
HNL-road-20251005-001,ORD-000895,1,SWN-RP6,1,ホンダロジスティクス,road,2025-10-05,2025-10-06 01:20:40,2025-10-05,2025-10-12 15:51:40,delivered
HNL-road-20251005-001,ORD-000895,2,HDE-ZC1,2,ホンダロジスティクス,road,2025-10-05,2025-10-06 01:20:40,2025-10-05,2025-10-12 15:51:40,delivered
SEI-sea-20251012-001,ORD-000896,2,FIT-GR3,1,西濃運輸,sea,2025-10-12,2025-10-12 22:41:23,2025-10-12,2025-10-15 13:43:23,delayed
NPL-air-20251011-001,ORD-000896,1,ZRV-RZ3,1,日本通運,air,2025-10-11,2025-10-12 01:42:23,2025-10-11,2025-10-16 13:17:23,delayed
NPL-air-20251011-001,ORD-000896,2,FIT-GR3,1,日本通運,air,2025-10-11,2025-10-12 01:42:23,2025-10-11,2025-10-16 13:17:23,delayed
YML-sea-20251012-001,ORD-000897,1,ZRV-RZ3,2,ヤマトロジスティクス,sea,2025-10-12,2025-10-13 03:13:34,2025-10-12,2025-10-18 17:29:34,delayed
YML-air-20251008-001,ORD-000897,1,ZRV-RZ3,2,ヤマトロジスティクス,air,2025-10-08,2025-10-09 02:03:34,2025-10-08,2025-10-13 16:44:34,delivered
NPL-road-20251010-001,ORD-000897,1,ZRV-RZ3,3,日本通運,road,2025-10-10,2025-10-11 00:26:34,2025-10-10,2025-10-13 12:05:34,delivered
NPL-road-20251010-001,ORD-000897,2,HDE-ZC1,2,日本通運,road,2025-10-10,2025-10-11 00:26:34,2025-10-10,2025-10-13 12:05:34,delivered
HNT-air-20251016-001,ORD-000898,2,NOE-JG4,1,ホンダトランスポート,air,2025-10-16,2025-10-17 03:51:07,2025-10-16,2025-10-19 19:41:07,delivered
HNT-sea-20251017-001,ORD-000898,1,VZL-RV3,1,ホンダトランスポート,sea,2025-10-17,2025-10-18 02:54:07,2025-10-17,2025-10-21 16:34:07,delivered
HNT-sea-20251017-001,ORD-000898,2,NOE-JG4,1,ホンダトランスポート,sea,2025-10-17,2025-10-18 02:54:07,2025-10-17,2025-10-21 16:34:07,delivered
SEI-sea-20251013-001,ORD-000899,1,FIT-GR3,1,西濃運輸,sea,2025-10-13,2025-10-13 23:37:51,2025-10-13,2025-10-17 16:16:51,delivered
SEI-sea-20251013-001,ORD-000899,2,ZRV-RZ3,1,西濃運輸,sea,2025-10-13,2025-10-13 23:37:51,2025-10-13,2025-10-17 16:16:51,delivered
SEI-road-20251010-001,ORD-000900,1,SWN-RP6,3,西濃運輸,road,2025-10-10,2025-10-10 21:04:57,2025-10-10,2025-10-14 07:03:57,delivered
HNT-sea-20251012-001,ORD-000900,1,SWN-RP6,3,ホンダトランスポート,sea,2025-10-12,2025-10-13 00:15:57,2025-10-12,2025-10-14 12:23:57,delivered
HNT-sea-20251012-001,ORD-000900,2,FRD-GB5,1,ホンダトランスポート,sea,2025-10-12,2025-10-13 00:15:57,2025-10-12,2025-10-14 12:23:57,delivered
HNT-road-20251021-001,ORD-000901,1,HDE-ZC1,2,ホンダトランスポート,road,2025-10-21,2025-10-22 06:58:01,2025-10-21,2025-10-23 23:57:01,delivered
HNT-road-20251013-001,ORD-000901,1,HDE-ZC1,2,ホンダトランスポート,road,2025-10-13,2025-10-14 06:50:01,2025-10-13,2025-10-16 22:32:01,delivered
HNL-sea-20251026-001,ORD-000901,1,HDE-ZC1,4,ホンダロジスティクス,sea,2025-10-26,2025-10-27 00:43:01,2025-10-26,2025-10-31 13:12:01,delayed
NPL-air-20251019-001,ORD-000902,1,HDE-ZC1,5,日本通運,air,2025-10-19,2025-10-20 06:49:25,2025-10-19,2025-10-23 21:15:25,delayed
NPL-air-20251019-001,ORD-000902,2,SWN-RP6,3,日本通運,air,2025-10-19,2025-10-20 06:49:25,2025-10-19,2025-10-23 21:15:25,delayed
SEI-road-20251020-001,ORD-000903,1,PRO-ZC5,12,西濃運輸,road,2025-10-20,2025-10-21 05:18:47,2025-10-20,2025-10-24 16:55:47,delivered
SEI-road-20251020-001,ORD-000903,2,PSP-YF7,2,西濃運輸,road,2025-10-20,2025-10-21 05:18:47,2025-10-20,2025-10-24 16:55:47,delivered
SEI-road-20251020-001,ORD-000903,3,ODY-RC1,2,西濃運輸,road,2025-10-20,2025-10-21 05:18:47,2025-10-20,2025-10-24 16:55:47,delivered
SEI-road-20251020-001,ORD-000903,4,ENP-ENP1,2,西濃運輸,road,2025-10-20,2025-10-21 05:18:47,2025-10-20,2025-10-24 16:55:47,delivered
YML-air-20251014-001,ORD-000903,1,PRO-ZC5,12,ヤマトロジスティクス,air,2025-10-14,2025-10-14 21:20:47,2025-10-14,2025-10-21 08:19:47,delivered
YML-air-20251014-001,ORD-000903,2,PSP-YF7,3,ヤマトロジスティクス,air,2025-10-14,2025-10-14 21:20:47,2025-10-14,2025-10-21 08:19:47,delivered
YML-air-20251014-001,ORD-000903,3,ODY-RC1,3,ヤマトロジスティクス,air,2025-10-14,2025-10-14 21:20:47,2025-10-14,2025-10-21 08:19:47,delivered
YML-air-20251014-001,ORD-000903,4,ENP-ENP1,3,ヤマトロジスティクス,air,2025-10-14,2025-10-14 21:20:47,2025-10-14,2025-10-21 08:19:47,delivered
YML-sea-20251015-001,ORD-000904,1,SWN-RP6,4,ヤマトロジスティクス,sea,2025-10-15,2025-10-16 05:59:17,2025-10-15,2025-10-19 16:29:17,delivered
YML-road-20251025-001,ORD-000905,1,ZRV-RZ3,2,ヤマトロジスティクス,road,2025-10-25,2025-10-26 01:56:50,2025-10-25,2025-10-28 18:33:50,delivered
YML-road-20251019-001,ORD-000906,1,FRD-GB5,2,ヤマトロジスティクス,road,2025-10-19,2025-10-20 04:59:45,2025-10-19,2025-10-25 14:27:45,delivered
YML-air-20251018-001,ORD-000906,1,FRD-GB5,2,ヤマトロジスティクス,air,2025-10-18,2025-10-19 00:41:45,2025-10-18,2025-10-23 16:59:45,delivered
HNL-sea-20251025-001,ORD-000906,1,FRD-GB5,3,ホンダロジスティクス,sea,2025-10-25,2025-10-25 22:13:45,2025-10-25,2025-11-01 14:19:45,delayed
YML-air-20251023-001,ORD-000907,1,ZRV-RZ3,2,ヤマトロジスティクス,air,2025-10-23,2025-10-24 01:22:03,2025-10-23,2025-10-30 15:10:03,delivered
YML-air-20251023-001,ORD-000907,2,HDE-ZC1,1,ヤマトロジスティクス,air,2025-10-23,2025-10-24 01:22:03,2025-10-23,2025-10-30 15:10:03,delivered
YML-air-20251023-001,ORD-000907,3,FRD-GB5,1,ヤマトロジスティクス,air,2025-10-23,2025-10-24 01:22:03,2025-10-23,2025-10-30 15:10:03,delivered
SEI-road-20251027-001,ORD-000908,1,VZL-RV3,10,西濃運輸,road,2025-10-27,2025-10-27 23:39:59,2025-10-27,2025-10-31 17:02:59,delivered
NPL-air-20251026-001,ORD-000909,2,NOE-JG4,2,日本通運,air,2025-10-26,2025-10-27 00:54:42,2025-10-26,2025-11-01 10:29:42,delivered
NPL-sea-20251104-001,ORD-000909,2,NOE-JG4,2,日本通運,sea,2025-11-04,2025-11-05 05:01:42,2025-11-04,2025-11-10 14:48:42,delayed
YML-sea-20251027-001,ORD-000909,1,FIT-GR3,1,ヤマトロジスティクス,sea,2025-10-27,2025-10-28 07:15:42,2025-10-27,2025-10-30 17:37:42,delivered
YML-sea-20251027-001,ORD-000909,2,NOE-JG4,4,ヤマトロジスティクス,sea,2025-10-27,2025-10-28 07:15:42,2025-10-27,2025-10-30 17:37:42,delivered
YML-sea-20251027-001,ORD-000909,3,FRD-GB5,1,ヤマトロジスティクス,sea,2025-10-27,2025-10-28 07:15:42,2025-10-27,2025-10-30 17:37:42,delivered
HNT-air-20251028-001,ORD-000910,1,HDE-ZC1,1,ホンダトランスポート,air,2025-10-28,2025-10-29 06:24:19,2025-10-28,2025-11-01 14:43:19,delivered
SEI-road-20251110-001,ORD-000910,1,HDE-ZC1,1,西濃運輸,road,2025-11-10,2025-11-10 23:09:19,2025-11-10,2025-11-12 08:23:19,delayed
HNT-road-20251030-001,ORD-000910,1,HDE-ZC1,1,ホンダトランスポート,road,2025-10-30,2025-10-31 05:47:19,2025-10-30,2025-11-05 18:50:19,delivered
HNT-road-20251030-001,ORD-000910,2,FIT-GR3,1,ホンダトランスポート,road,2025-10-30,2025-10-31 05:47:19,2025-10-30,2025-11-05 18:50:19,delivered
SEI-air-20251101-001,ORD-000911,1,FRD-GB5,2,西濃運輸,air,2025-11-01,2025-11-01 23:01:22,2025-11-01,2025-11-07 11:25:22,delayed
SEI-sea-20251029-001,ORD-000911,1,FRD-GB5,2,西濃運輸,sea,2025-10-29,2025-10-30 01:54:22,2025-10-29,2025-11-02 15:23:22,delivered
HNT-road-20251102-001,ORD-000911,1,FRD-GB5,3,ホンダトランスポート,road,2025-11-02,2025-11-03 02:55:22,2025-11-02,2025-11-06 19:50:22,delayed
YML-sea-20251106-001,ORD-000912,1,ZRV-RZ3,1,ヤマトロジスティクス,sea,2025-11-06,2025-11-07 02:38:35,2025-11-06,2025-11-12 17:34:35,delayed
YML-sea-20251106-001,ORD-000912,2,FIT-GR3,1,ヤマトロジスティクス,sea,2025-11-06,2025-11-07 02:38:35,2025-11-06,2025-11-12 17:34:35,delayed
YML-sea-20251106-001,ORD-000912,3,VZL-RV3,2,ヤマトロジスティクス,sea,2025-11-06,2025-11-07 02:38:35,2025-11-06,2025-11-12 17:34:35,delayed
SEI-sea-20251104-001,ORD-000913,1,FRD-GB5,2,西濃運輸,sea,2025-11-04,2025-11-05 04:04:05,2025-11-04,2025-11-06 17:49:05,delivered
SEI-sea-20251104-001,ORD-000913,2,VZL-RV3,2,西濃運輸,sea,2025-11-04,2025-11-05 04:04:05,2025-11-04,2025-11-06 17:49:05,delivered
SEI-sea-20251104-001,ORD-000913,3,ZRV-RZ3,1,西濃運輸,sea,2025-11-04,2025-11-05 04:04:05,2025-11-04,2025-11-06 17:49:05,delivered
NPL-sea-20251111-001,ORD-000914,1,VZL-RV3,3,日本通運,sea,2025-11-11,2025-11-12 01:22:01,2025-11-11,2025-11-14 11:10:01,delayed
NPL-sea-20251111-001,ORD-000914,2,SWN-RP6,5,日本通運,sea,2025-11-11,2025-11-12 01:22:01,2025-11-11,2025-11-14 11:10:01,delayed
NPL-sea-20251111-001,ORD-000914,3,FRD-GB5,1,日本通運,sea,2025-11-11,2025-11-12 01:22:01,2025-11-11,2025-11-14 11:10:01,delayed
YML-sea-20251111-001,ORD-000915,1,NOE-JG4,5,ヤマトロジスティクス,sea,2025-11-11,2025-11-12 03:32:45,2025-11-11,2025-11-13 16:36:45,delivered
SEI-air-20251117-001,ORD-000915,1,NOE-JG4,5,西濃運輸,air,2025-11-17,2025-11-18 00:14:45,2025-11-17,2025-11-22 17:59:45,delayed
HNT-road-20251114-001,ORD-000916,1,SWN-RP6,2,ホンダトランスポート,road,2025-11-14,2025-11-15 01:09:30,2025-11-14,2025-11-20 10:30:30,delivered
HNT-road-20251113-001,ORD-000916,1,SWN-RP6,2,ホンダトランスポート,road,2025-11-13,2025-11-14 03:56:30,2025-11-13,2025-11-15 18:56:30,delivered
SEI-road-20251113-001,ORD-000916,1,SWN-RP6,4,西濃運輸,road,2025-11-13,2025-11-14 01:25:30,2025-11-13,2025-11-18 12:24:30,delivered
SEI-road-20251113-001,ORD-000916,2,FIT-GR3,2,西濃運輸,road,2025-11-13,2025-11-14 01:25:30,2025-11-13,2025-11-18 12:24:30,delivered
HNL-road-20251109-001,ORD-000917,1,FIT-GR3,1,ホンダロジスティクス,road,2025-11-09,2025-11-10 00:15:31,2025-11-09,2025-11-11 17:47:31,delivered
HNT-road-20251109-001,ORD-000917,1,FIT-GR3,1,ホンダトランスポート,road,2025-11-09,2025-11-10 06:25:31,2025-11-09,2025-11-11 18:28:31,delivered
HNL-road-20251115-001,ORD-000917,1,FIT-GR3,3,ホンダロジスティクス,road,2025-11-15,2025-11-16 03:45:31,2025-11-15,2025-11-21 19:07:31,delayed
HNL-road-20251115-001,ORD-000917,2,FRD-GB5,1,ホンダロジスティクス,road,2025-11-15,2025-11-16 03:45:31,2025-11-15,2025-11-21 19:07:31,delayed
NPL-air-20251126-001,ORD-000918,1,SWN-RP6,1,日本通運,air,2025-11-26,2025-11-27 06:10:11,2025-11-26,2025-11-29 18:28:11,delayed
NPL-air-20251126-001,ORD-000918,2,NOE-JG4,1,日本通運,air,2025-11-26,2025-11-27 06:10:11,2025-11-26,2025-11-29 18:28:11,delayed
YML-sea-20251114-001,ORD-000919,1,NOE-JG4,8,ヤマトロジスティクス,sea,2025-11-14,2025-11-14 23:06:41,2025-11-14,2025-11-17 15:53:41,delivered
YML-road-20251122-001,ORD-000920,1,HDE-ZC1,1,ヤマトロジスティクス,road,2025-11-22,2025-11-23 08:28:08,2025-11-22,2025-11-25 16:44:08,delayed
YML-road-20251122-001,ORD-000920,2,FRD-GB5,1,ヤマトロジスティクス,road,2025-11-22,2025-11-23 08:28:08,2025-11-22,2025-11-25 16:44:08,delayed
SEI-road-20251115-001,ORD-000920,1,HDE-ZC1,1,西濃運輸,road,2025-11-15,2025-11-16 01:17:08,2025-11-15,2025-11-17 16:23:08,delivered
SEI-road-20251115-001,ORD-000920,2,FRD-GB5,1,西濃運輸,road,2025-11-15,2025-11-16 01:17:08,2025-11-15,2025-11-17 16:23:08,delivered
SEI-road-20251119-001,ORD-000920,1,HDE-ZC1,2,西濃運輸,road,2025-11-19,2025-11-20 04:43:08,2025-11-19,2025-11-23 17:28:08,delivered
SEI-road-20251119-001,ORD-000920,2,FRD-GB5,2,西濃運輸,road,2025-11-19,2025-11-20 04:43:08,2025-11-19,2025-11-23 17:28:08,delivered
SEI-road-20251119-001,ORD-000920,3,SWN-RP6,1,西濃運輸,road,2025-11-19,2025-11-20 04:43:08,2025-11-19,2025-11-23 17:28:08,delivered
YML-road-20251125-001,ORD-000921,1,ZRV-RZ3,8,ヤマトロジスティクス,road,2025-11-25,2025-11-25 18:06:26,2025-11-25,2025-11-27 09:25:26,delayed
YML-road-20251125-001,ORD-000921,2,FRD-GB5,1,ヤマトロジスティクス,road,2025-11-25,2025-11-25 18:06:26,2025-11-25,2025-11-27 09:25:26,delayed
YML-road-20251125-001,ORD-000921,3,NOE-JG4,1,ヤマトロジスティクス,road,2025-11-25,2025-11-25 18:06:26,2025-11-25,2025-11-27 09:25:26,delayed
YML-air-20251122-001,ORD-000922,1,ENP-ENP1,8,ヤマトロジスティクス,air,2025-11-22,2025-11-23 08:22:35,2025-11-22,2025-11-25 23:05:35,delayed
YML-air-20251122-001,ORD-000922,2,PSP-YF7,24,ヤマトロジスティクス,air,2025-11-22,2025-11-23 08:22:35,2025-11-22,2025-11-25 23:05:35,delayed
YML-air-20251122-001,ORD-000922,3,ACD-CV1,9,ヤマトロジスティクス,air,2025-11-22,2025-11-23 08:22:35,2025-11-22,2025-11-25 23:05:35,delayed
YML-air-20251118-001,ORD-000923,1,ENP-ENP1,3,ヤマトロジスティクス,air,2025-11-18,2025-11-19 04:34:04,2025-11-18,2025-11-22 20:58:04,delayed
YML-air-20251118-001,ORD-000923,2,ACD-CV1,1,ヤマトロジスティクス,air,2025-11-18,2025-11-19 04:34:04,2025-11-18,2025-11-22 20:58:04,delayed
YML-air-20251118-001,ORD-000923,3,PLT-YF3,1,ヤマトロジスティクス,air,2025-11-18,2025-11-19 04:34:04,2025-11-18,2025-11-22 20:58:04,delayed
YML-air-20251118-001,ORD-000923,4,PSP-YF7,1,ヤマトロジスティクス,air,2025-11-18,2025-11-19 04:34:04,2025-11-18,2025-11-22 20:58:04,delayed
HNT-air-20251115-001,ORD-000923,1,ENP-ENP1,3,ホンダトランスポート,air,2025-11-15,2025-11-16 02:55:04,2025-11-15,2025-11-18 10:58:04,delivered
HNT-air-20251115-001,ORD-000923,2,ACD-CV1,1,ホンダトランスポート,air,2025-11-15,2025-11-16 02:55:04,2025-11-15,2025-11-18 10:58:04,delivered
HNT-air-20251115-001,ORD-000923,3,PLT-YF3,1,ホンダトランスポート,air,2025-11-15,2025-11-16 02:55:04,2025-11-15,2025-11-18 10:58:04,delivered
HNT-air-20251115-001,ORD-000923,4,PSP-YF7,1,ホンダトランスポート,air,2025-11-15,2025-11-16 02:55:04,2025-11-15,2025-11-18 10:58:04,delivered
HNT-sea-20251120-001,ORD-000923,1,ENP-ENP1,5,ホンダトランスポート,sea,2025-11-20,2025-11-21 06:55:04,2025-11-20,2025-11-27 00:50:04,delayed
HNT-sea-20251120-001,ORD-000923,2,ACD-CV1,3,ホンダトランスポート,sea,2025-11-20,2025-11-21 06:55:04,2025-11-20,2025-11-27 00:50:04,delayed
HNT-sea-20251120-001,ORD-000923,3,PLT-YF3,3,ホンダトランスポート,sea,2025-11-20,2025-11-21 06:55:04,2025-11-20,2025-11-27 00:50:04,delayed
HNT-sea-20251120-001,ORD-000923,4,PSP-YF7,3,ホンダトランスポート,sea,2025-11-20,2025-11-21 06:55:04,2025-11-20,2025-11-27 00:50:04,delayed
SEI-road-20251129-001,ORD-000924,1,ODY-RC1,4,西濃運輸,road,2025-11-29,2025-11-30 00:06:31,2025-11-29,2025-12-04 09:50:31,delivered
SEI-road-20251129-001,ORD-000924,2,ENP-ENP1,1,西濃運輸,road,2025-11-29,2025-11-30 00:06:31,2025-11-29,2025-12-04 09:50:31,delivered
SEI-road-20251129-001,ORD-000924,3,RDG-YF6,2,西濃運輸,road,2025-11-29,2025-11-30 00:06:31,2025-11-29,2025-12-04 09:50:31,delivered
HNT-road-20251118-001,ORD-000924,1,ODY-RC1,4,ホンダトランスポート,road,2025-11-18,2025-11-19 01:32:31,2025-11-18,2025-11-22 15:17:31,delivered
HNT-road-20251118-001,ORD-000924,2,ENP-ENP1,1,ホンダトランスポート,road,2025-11-18,2025-11-19 01:32:31,2025-11-18,2025-11-22 15:17:31,delivered
HNT-road-20251118-001,ORD-000924,3,RDG-YF6,2,ホンダトランスポート,road,2025-11-18,2025-11-19 01:32:31,2025-11-18,2025-11-22 15:17:31,delivered
HNL-sea-20251121-001,ORD-000924,1,ODY-RC1,4,ホンダロジスティクス,sea,2025-11-21,2025-11-22 04:39:31,2025-11-21,2025-11-25 12:51:31,delivered
HNL-sea-20251121-001,ORD-000924,2,ENP-ENP1,3,ホンダロジスティクス,sea,2025-11-21,2025-11-22 04:39:31,2025-11-21,2025-11-25 12:51:31,delivered
HNL-sea-20251121-001,ORD-000924,3,RDG-YF6,2,ホンダロジスティクス,sea,2025-11-21,2025-11-22 04:39:31,2025-11-21,2025-11-25 12:51:31,delivered
NPL-road-20251121-001,ORD-000925,1,FRD-GB5,2,日本通運,road,2025-11-21,2025-11-22 05:37:09,2025-11-21,2025-11-28 21:30:09,delivered
HNL-air-20251129-001,ORD-000925,1,FRD-GB5,2,ホンダロジスティクス,air,2025-11-29,2025-11-30 06:23:09,2025-11-29,2025-12-01 18:10:09,delivered
HNL-air-20251120-001,ORD-000925,1,FRD-GB5,2,ホンダロジスティクス,air,2025-11-20,2025-11-21 01:09:09,2025-11-20,2025-11-23 11:17:09,delivered
HNL-sea-20251124-001,ORD-000926,1,VZL-RV3,1,ホンダロジスティクス,sea,2025-11-24,2025-11-25 04:51:51,2025-11-24,2025-11-27 13:14:51,delivered
HNL-road-20251126-001,ORD-000926,1,VZL-RV3,1,ホンダロジスティクス,road,2025-11-26,2025-11-27 00:02:51,2025-11-26,2025-12-03 09:51:51,delivered
HNL-air-20251118-001,ORD-000926,1,VZL-RV3,2,ホンダロジスティクス,air,2025-11-18,2025-11-18 23:19:51,2025-11-18,2025-11-24 09:32:51,delivered
YML-air-20251129-001,ORD-000927,1,FIT-GR3,1,ヤマトロジスティクス,air,2025-11-29,2025-11-30 00:17:30,2025-11-29,2025-12-04 14:13:30,delayed
YML-air-20251129-001,ORD-000927,2,VZL-RV3,2,ヤマトロジスティクス,air,2025-11-29,2025-11-30 00:17:30,2025-11-29,2025-12-04 14:13:30,delayed
YML-air-20251129-001,ORD-000927,3,SWN-RP6,1,ヤマトロジスティクス,air,2025-11-29,2025-11-30 00:17:30,2025-11-29,2025-12-04 14:13:30,delayed
SEI-air-20251201-001,ORD-000928,1,SWN-RP6,2,西濃運輸,air,2025-12-01,2025-12-01 20:23:21,2025-12-01,2025-12-05 10:14:21,delayed
SEI-air-20251201-001,ORD-000928,2,ZRV-RZ3,1,西濃運輸,air,2025-12-01,2025-12-01 20:23:21,2025-12-01,2025-12-05 10:14:21,delayed
HNT-air-20251125-001,ORD-000929,2,FRD-GB5,2,ホンダトランスポート,air,2025-11-25,2025-11-25 23:37:49,2025-11-25,2025-12-01 10:10:49,delayed
NPL-road-20251126-001,ORD-000929,2,FRD-GB5,2,日本通運,road,2025-11-26,2025-11-27 00:32:49,2025-11-26,2025-12-01 10:47:49,delayed
SEI-road-20251127-001,ORD-000929,1,ZRV-RZ3,2,西濃運輸,road,2025-11-27,2025-11-27 19:44:49,2025-11-27,2025-12-03 13:14:49,delayed
SEI-road-20251127-001,ORD-000929,2,FRD-GB5,4,西濃運輸,road,2025-11-27,2025-11-27 19:44:49,2025-11-27,2025-12-03 13:14:49,delayed
HNT-road-20251211-001,ORD-000930,1,SWN-RP6,4,ホンダトランスポート,road,2025-12-11,2025-12-12 04:43:18,2025-12-11,2025-12-18 16:43:18,delayed
HNT-road-20251211-001,ORD-000930,2,VZL-RV3,4,ホンダトランスポート,road,2025-12-11,2025-12-12 04:43:18,2025-12-11,2025-12-18 16:43:18,delayed
HNT-road-20251216-001,ORD-000931,1,VZL-RV3,1,ホンダトランスポート,road,2025-12-16,2025-12-17 03:15:36,2025-12-16,2025-12-23 18:00:36,delayed
HNT-road-20251216-001,ORD-000931,2,ZRV-RZ3,1,ホンダトランスポート,road,2025-12-16,2025-12-17 03:15:36,2025-12-16,2025-12-23 18:00:36,delayed
HNT-road-20251216-001,ORD-000931,3,FIT-GR3,1,ホンダトランスポート,road,2025-12-16,2025-12-17 03:15:36,2025-12-16,2025-12-23 18:00:36,delayed
NPL-air-20251201-001,ORD-000932,1,NOE-JG4,2,日本通運,air,2025-12-01,2025-12-02 06:04:10,2025-12-01,2025-12-06 14:11:10,delivered
SEI-road-20251129-002,ORD-000932,1,NOE-JG4,3,西濃運輸,road,2025-11-29,2025-11-30 01:57:10,2025-11-29,2025-12-05 12:19:10,delivered
YML-air-20251203-001,ORD-000933,1,HDE-ZC1,1,ヤマトロジスティクス,air,2025-12-03,2025-12-03 19:40:34,2025-12-03,2025-12-10 13:05:34,delivered
YML-air-20251203-001,ORD-000933,2,NOE-JG4,1,ヤマトロジスティクス,air,2025-12-03,2025-12-03 19:40:34,2025-12-03,2025-12-10 13:05:34,delivered
YML-air-20251203-001,ORD-000933,3,FRD-GB5,1,ヤマトロジスティクス,air,2025-12-03,2025-12-03 19:40:34,2025-12-03,2025-12-10 13:05:34,delivered
YML-air-20251202-001,ORD-000934,1,FRD-GB5,6,ヤマトロジスティクス,air,2025-12-02,2025-12-03 06:42:01,2025-12-02,2025-12-07 18:27:01,delivered
NPL-air-20251210-001,ORD-000935,1,FIT-GR3,2,日本通運,air,2025-12-10,2025-12-11 00:07:23,2025-12-10,2025-12-12 16:24:23,delivered
