shipment_id,shipment_timestamp,location_id,customer_id
YML-road-20220118-001,2022-01-19 09:25:18,KMM,DEAL-004
NPL-air-20220106-001,2022-01-07 03:56:00,HTB,DEAL-002
HNL-road-20220105-001,2022-01-06 06:32:45,STM,DEAL-001
HNL-sea-20220121-001,2022-01-22 04:47:56,SZK,DEAL-003
SEI-sea-20220113-001,2022-01-14 02:16:06,HMM,DEAL-005
HNT-air-20220114-001,2022-01-15 00:40:21,HTB,DEAL-002
YML-air-20220112-001,2022-01-12 23:59:21,HTB,DEAL-002
NPL-air-20220114-001,2022-01-14 22:06:07,KMM,DEAL-004
NPL-sea-20220128-001,2022-01-28 23:02:07,KMM,DEAL-004
HNT-sea-20220123-001,2022-01-24 04:26:02,SZK,DEAL-003
HNL-sea-20220124-001,2022-01-25 04:07:02,SZK,DEAL-003
HNT-road-20220116-001,2022-01-17 00:24:02,SZK,DEAL-003
HNL-road-20220117-001,2022-01-17 21:45:08,STM,DEAL-001
YML-air-20220117-001,2022-01-17 19:20:08,STM,DEAL-001
NPL-air-20220120-001,2022-01-20 22:16:08,STM,DEAL-001
HNL-air-20220121-001,2022-01-22 04:46:33,HTB,DEAL-002
YML-sea-20220117-001,2022-01-18 02:36:33,HTB,DEAL-002
HNT-road-20220122-001,2022-01-22 22:37:01,STM,DEAL-006
YML-air-20220126-001,2022-01-26 16:37:01,STM,DEAL-006
YML-sea-20220122-001,2022-01-22 16:26:01,STM,DEAL-006
YML-sea-20220123-001,2022-01-24 09:32:40,HMM,DEAL-005
NPL-sea-20220126-001,2022-01-26 23:30:06,HTB,DEAL-002
YML-air-20220203-001,2022-02-04 00:20:48,KMM,DEAL-004
YML-air-20220126-002,2022-01-26 18:47:48,KMM,DEAL-004
YML-road-20220128-001,2022-01-28 21:03:48,KMM,DEAL-004
YML-road-20220125-001,2022-01-25 17:49:20,SZK,DEAL-003
HNT-road-20220207-001,2022-02-08 08:40:19,KMM,DEAL-004
SEI-air-20220205-001,2022-02-06 05:25:19,KMM,DEAL-004
YML-air-20220130-001,2022-01-31 08:43:16,STM,DEAL-001
HNL-road-20220128-001,2022-01-29 03:36:16,STM,DEAL-001
HNL-air-20220203-001,2022-02-04 06:56:17,HMM,DEAL-005
SEI-air-20220202-001,2022-02-03 08:47:47,HTB,DEAL-002
NPL-sea-20220202-001,2022-02-03 05:04:47,HTB,DEAL-002
HNT-sea-20220205-001,2022-02-06 03:40:47,HTB,DEAL-002
HNT-sea-20220206-001,2022-02-07 05:30:39,HTB,DEAL-007
NPL-road-20220205-001,2022-02-06 10:24:39,HTB,DEAL-007
HNL-road-20220202-001,2022-02-03 06:16:39,HTB,DEAL-007
NPL-air-20220213-001,2022-02-14 01:47:48,SZK,DEAL-008
HNT-road-20220201-001,2022-02-02 02:49:48,SZK,DEAL-008
SEI-road-20220213-001,2022-02-14 02:39:50,SZK,DEAL-003
NPL-sea-20220213-001,2022-02-14 01:21:54,KMM,DEAL-004
YML-road-20220217-001,2022-02-17 22:06:54,KMM,DEAL-004
HNT-air-20220207-001,2022-02-08 01:59:07,STM,DEAL-001
HNT-road-20220206-001,2022-02-07 04:49:07,STM,DEAL-001
NPL-air-20220208-001,2022-02-09 08:12:03,HMM,DEAL-005
SEI-air-20220219-001,2022-02-20 02:56:46,HTB,DEAL-002
HNL-air-20220227-001,2022-02-27 20:24:07,SZK,DEAL-003
HNT-road-20220209-001,2022-02-10 08:11:36,KMM,DEAL-004
HNL-road-20220221-001,2022-02-22 06:14:36,KMM,DEAL-004
HNL-air-20220217-001,2022-02-17 19:44:27,STM,DEAL-001
NPL-air-20220222-001,2022-02-23 05:16:53,HMM,DEAL-005
YML-air-20220223-001,2022-02-23 22:41:06,STM,DEAL-001
HNL-road-20220226-001,2022-02-27 03:47:36,HTB,DEAL-002
SEI-road-20220220-001,2022-02-21 09:20:36,HTB,DEAL-002
HNL-road-20220219-001,2022-02-20 05:24:36,HTB,DEAL-002
HNT-air-20220226-001,2022-02-27 05:45:28,SZK,DEAL-003
HNT-sea-20220305-001,2022-03-06 02:43:35,KMM,DEAL-004
YML-air-20220225-001,2022-02-26 00:17:35,KMM,DEAL-004
SEI-air-20220224-001,2022-02-25 00:58:32,HMM,DEAL-005
HNT-road-20220303-001,2022-03-04 03:59:07,HTB,DEAL-002
HNT-air-20220226-002,2022-02-26 22:04:12,STM,DEAL-001
NPL-road-20220311-001,2022-03-11 21:51:10,SZK,DEAL-003
SEI-air-20220313-001,2022-03-14 02:20:36,KMM,DEAL-004
SEI-air-20220302-001,2022-03-03 00:02:52,HMM,DEAL-005
HNT-air-20220303-001,2022-03-03 22:05:52,HMM,DEAL-005
SEI-road-20220311-001,2022-03-12 07:09:06,STM,DEAL-006
HNL-air-20220311-001,2022-03-12 06:33:06,STM,DEAL-006
SEI-sea-20220309-001,2022-03-10 04:05:06,STM,DEAL-006
NPL-air-20220314-002,2022-03-15 01:18:13,SZK,DEAL-003
NPL-air-20220309-001,2022-03-10 01:42:54,STM,DEAL-001
YML-air-20220313-001,2022-03-13 17:26:53,HTB,DEAL-002
SEI-air-20220305-001,2022-03-05 19:13:53,HTB,DEAL-002
YML-road-20220315-001,2022-03-16 00:19:53,HTB,DEAL-002
SEI-road-20220311-002,2022-03-11 20:51:53,KMM,DEAL-004
SEI-air-20220312-001,2022-03-13 09:11:34,SZK,DEAL-008
HNL-air-20220308-001,2022-03-08 19:43:51,HMM,DEAL-005
SEI-sea-20220309-002,2022-03-10 00:01:51,HMM,DEAL-005
HNL-air-20220313-001,2022-03-13 20:01:30,STM,DEAL-001
HNT-sea-20220315-001,2022-03-15 21:44:30,STM,DEAL-001
YML-air-20220322-001,2022-03-23 03:55:38,HTB,DEAL-002
HNT-sea-20220315-002,2022-03-15 20:52:01,SZK,DEAL-003
HNL-air-20220401-001,2022-04-02 02:40:16,KMM,DEAL-004
HNL-sea-20220318-001,2022-03-19 07:57:16,KMM,DEAL-004
HNL-sea-20220320-001,2022-03-21 06:24:08,HMM,DEAL-005
NPL-air-20220322-001,2022-03-23 04:17:08,HMM,DEAL-005
SEI-air-20220320-001,2022-03-21 01:44:08,HMM,DEAL-005
YML-sea-20220318-001,2022-03-18 23:58:55,HTB,DEAL-007
YML-sea-20220315-001,2022-03-15 18:50:55,HTB,DEAL-007
YML-road-20220317-001,2022-03-17 20:12:55,HTB,DEAL-007
SEI-air-20220326-001,2022-03-27 01:35:45,SZK,DEAL-003
SEI-road-20220402-001,2022-04-03 02:24:45,SZK,DEAL-003
HNL-sea-20220326-001,2022-03-26 18:59:19,STM,DEAL-001
HNT-air-20220331-001,2022-04-01 05:29:15,HTB,DEAL-002
SEI-road-20220327-001,2022-03-28 04:57:53,KMM,DEAL-004
SEI-sea-20220331-001,2022-04-01 01:19:39,HMM,DEAL-005
HNL-air-20220327-001,2022-03-28 02:41:39,HMM,DEAL-005
YML-sea-20220327-001,2022-03-28 01:51:39,HMM,DEAL-005
NPL-air-20220405-001,2022-04-06 06:14:39,HTB,DEAL-002
HNT-sea-20220408-001,2022-04-09 04:34:41,STM,DEAL-001
HNL-air-20220414-001,2022-04-15 08:31:29,SZK,DEAL-003
YML-air-20220407-001,2022-04-08 02:52:34,STM,DEAL-006
HNL-air-20220405-001,2022-04-06 09:28:34,STM,DEAL-006
HNL-air-20220409-001,2022-04-10 08:36:34,STM,DEAL-006
HNL-road-20220405-001,2022-04-06 01:37:58,HTB,DEAL-002
YML-road-20220412-001,2022-04-13 00:43:58,HTB,DEAL-002
YML-air-20220416-001,2022-04-16 23:51:34,KMM,DEAL-004
SEI-sea-20220411-001,2022-04-12 00:00:34,KMM,DEAL-004
HNL-air-20220405-002,2022-04-06 01:39:12,HMM,DEAL-005
NPL-air-20220404-001,2022-04-05 00:33:12,HMM,DEAL-005
YML-air-20220411-001,2022-04-11 22:34:12,HMM,DEAL-005
SEI-road-20220410-001,2022-04-10 22:57:14,STM,DEAL-001
HNL-road-20220417-001,2022-04-17 21:32:01,SZK,DEAL-003
HNT-road-20220414-001,2022-04-14 21:04:01,SZK,DEAL-003
HNL-sea-20220419-001,2022-04-20 00:18:01,SZK,DEAL-003
YML-road-20220430-001,2022-04-30 20:44:00,KMM,DEAL-004
HNL-air-20220422-001,2022-04-22 22:40:00,KMM,DEAL-004
NPL-sea-20220412-001,2022-04-13 01:24:00,KMM,DEAL-004
YML-air-20220416-002,2022-04-17 03:39:24,HTB,DEAL-002
HNT-air-20220415-001,2022-04-15 22:02:37,HMM,DEAL-005
HNT-air-20220422-001,2022-04-22 18:06:37,HMM,DEAL-005
SEI-sea-20220417-001,2022-04-18 08:02:47,STM,DEAL-001
HNT-road-20220424-001,2022-04-25 04:18:47,STM,DEAL-001
HNL-air-20220417-001,2022-04-18 08:03:47,STM,DEAL-001
HNL-air-20220426-001,2022-04-27 00:27:20,SZK,DEAL-008
NPL-road-20220429-001,2022-04-29 19:48:20,SZK,DEAL-008
HNL-sea-20220429-001,2022-04-30 01:43:51,SZK,DEAL-003
HNL-air-20220502-001,2022-05-03 03:11:51,SZK,DEAL-003
HNT-sea-20220421-001,2022-04-22 00:12:51,SZK,DEAL-003
YML-road-20220501-001,2022-05-02 03:30:57,HMM,DEAL-005
SEI-air-20220427-001,2022-04-28 07:56:09,KMM,DEAL-004
NPL-air-20220426-001,2022-04-27 00:09:09,KMM,DEAL-004
YML-road-20220505-001,2022-05-06 00:39:09,KMM,DEAL-004
SEI-sea-20220427-001,2022-04-28 01:05:22,HTB,DEAL-002
YML-sea-20220427-001,2022-04-28 04:47:22,HTB,DEAL-002
HNT-air-20220501-001,2022-05-02 08:32:22,HTB,DEAL-002
HNL-air-20220505-001,2022-05-06 07:46:22,STM,DEAL-001
NPL-road-20220505-001,2022-05-06 01:03:22,STM,DEAL-001
HNT-road-20220430-001,2022-04-30 23:37:05,SZK,DEAL-003
NPL-road-20220501-001,2022-05-02 06:39:29,HTB,DEAL-002
HNT-road-20220504-001,2022-05-04 18:33:45,KMM,DEAL-004
YML-air-20220508-001,2022-05-09 00:21:45,KMM,DEAL-004
YML-sea-20220509-001,2022-05-10 03:49:16,HTB,DEAL-007
YML-road-20220508-001,2022-05-09 04:15:16,HTB,DEAL-007
HNL-road-20220506-001,2022-05-07 03:00:16,HTB,DEAL-007
NPL-road-20220502-001,2022-05-02 21:55:05,HMM,DEAL-005
HNT-air-20220505-001,2022-05-06 03:45:26,STM,DEAL-001
HNL-air-20220514-001,2022-05-14 22:09:26,STM,DEAL-001
YML-road-20220508-002,2022-05-09 01:46:12,SZK,DEAL-003
YML-road-20220509-001,2022-05-09 21:50:25,HTB,DEAL-002
HNL-sea-20220513-001,2022-05-13 16:29:25,HTB,DEAL-002
HNT-sea-20220520-001,2022-05-21 08:33:20,SZK,DEAL-003
HNT-air-20220516-001,2022-05-17 04:23:20,SZK,DEAL-003
SEI-road-20220524-001,2022-05-25 08:30:15,KMM,DEAL-004
HNT-road-20220518-001,2022-05-19 02:22:10,HMM,DEAL-005
NPL-sea-20220522-001,2022-05-23 09:37:29,STM,DEAL-001
HNL-road-20220520-001,2022-05-21 02:47:29,STM,DEAL-001
HNT-air-20220516-002,2022-05-17 06:17:29,STM,DEAL-001
NPL-sea-20220520-001,2022-05-21 01:28:09,HTB,DEAL-002
NPL-sea-20220515-001,2022-05-16 00:30:10,STM,DEAL-006
HNL-air-20220517-001,2022-05-18 06:36:10,STM,DEAL-006
YML-road-20220517-001,2022-05-18 03:02:10,STM,DEAL-006
HNL-sea-20220529-001,2022-05-30 04:45:48,HMM,DEAL-005
YML-sea-20220530-001,2022-05-30 21:46:11,HTB,DEAL-002
HNL-road-20220525-001,2022-05-25 20:36:11,HTB,DEAL-002
HNL-air-20220521-001,2022-05-21 20:00:11,HTB,DEAL-002
SEI-sea-20220522-001,2022-05-22 21:44:20,STM,DEAL-001
SEI-road-20220526-001,2022-05-26 21:46:20,STM,DEAL-001
SEI-sea-20220527-001,2022-05-27 20:36:20,STM,DEAL-001
YML-sea-20220530-002,2022-05-31 03:59:36,SZK,DEAL-003
HNL-road-20220523-001,2022-05-23 21:02:36,SZK,DEAL-003
HNT-road-20220525-001,2022-05-25 22:05:36,SZK,DEAL-003
NPL-sea-20220601-001,2022-06-02 05:33:05,KMM,DEAL-004
YML-air-20220602-001,2022-06-02 17:39:08,HTB,DEAL-002
YML-sea-20220607-001,2022-06-08 01:06:47,HMM,DEAL-005
NPL-sea-20220606-001,2022-06-06 22:18:47,HMM,DEAL-005
HNL-road-20220602-001,2022-06-03 01:51:57,STM,DEAL-001
YML-sea-20220601-001,2022-06-02 00:22:57,STM,DEAL-001
NPL-air-20220604-001,2022-06-05 05:51:30,SZK,DEAL-003
YML-sea-20220614-001,2022-06-15 04:30:30,SZK,DEAL-003
HNT-road-20220617-001,2022-06-17 22:26:48,KMM,DEAL-004
SEI-sea-20220607-001,2022-06-08 04:46:54,SZK,DEAL-008
NPL-road-20220611-001,2022-06-11 23:02:58,HMM,DEAL-005
YML-road-20220617-001,2022-06-18 02:27:58,HMM,DEAL-005
SEI-road-20220619-001,2022-06-19 21:28:51,HTB,DEAL-002
HNL-road-20220611-001,2022-06-11 18:12:51,HTB,DEAL-002
SEI-sea-20220620-001,2022-06-21 02:42:44,STM,DEAL-001
SEI-air-20220616-001,2022-06-17 04:55:44,STM,DEAL-001
HNT-air-20220624-001,2022-06-25 02:54:03,SZK,DEAL-003
YML-sea-20220624-001,2022-06-24 19:23:58,KMM,DEAL-004
YML-sea-20220614-002,2022-06-14 17:09:58,KMM,DEAL-004
NPL-air-20220628-001,2022-06-28 21:16:58,KMM,DEAL-004
SEI-sea-20220620-002,2022-06-20 23:57:52,HMM,DEAL-005
HNT-air-20220617-001,2022-06-17 20:23:45,STM,DEAL-006
HNL-road-20220620-001,2022-06-20 18:10:45,STM,DEAL-006
SEI-air-20220623-001,2022-06-23 21:47:22,HTB,DEAL-007
SEI-road-20220615-001,2022-06-15 23:48:22,HTB,DEAL-007
SEI-sea-20220622-001,2022-06-23 04:02:22,HTB,DEAL-007
HNL-sea-20220623-001,2022-06-23 20:49:02,STM,DEAL-001
HNT-road-20220621-001,2022-06-22 01:06:02,STM,DEAL-001
YML-road-20220622-001,2022-06-22 21:13:01,HTB,DEAL-002
NPL-air-20220627-001,2022-06-28 03:47:37,SZK,DEAL-003
NPL-road-20220626-001,2022-06-26 20:01:59,HMM,DEAL-005
HNT-sea-20220624-001,2022-06-24 19:42:59,HMM,DEAL-005
NPL-air-20220702-001,2022-07-02 22:10:35,KMM,DEAL-004
YML-air-20220706-001,2022-07-07 05:06:35,KMM,DEAL-004
HNT-air-20220627-001,2022-06-28 01:30:28,HTB,DEAL-002
HNL-road-20220707-001,2022-07-07 20:43:02,STM,DEAL-001
NPL-sea-20220703-001,2022-07-04 03:58:02,STM,DEAL-001
YML-road-20220712-001,2022-07-12 21:15:10,HMM,DEAL-005
HNT-sea-20220707-001,2022-07-07 20:22:10,HMM,DEAL-005
HNT-air-20220715-001,2022-07-16 06:15:09,HTB,DEAL-002
NPL-air-20220708-001,2022-07-09 07:03:09,HTB,DEAL-002
YML-sea-20220706-001,2022-07-06 18:56:32,SZK,DEAL-003
NPL-air-20220708-002,2022-07-08 21:07:32,SZK,DEAL-003
NPL-road-20220711-001,2022-07-11 20:11:32,SZK,DEAL-003
HNT-road-20220714-001,2022-07-15 08:04:16,KMM,DEAL-004
YML-road-20220714-001,2022-07-15 01:58:16,KMM,DEAL-004
HNL-sea-20220722-001,2022-07-23 01:05:16,KMM,DEAL-004
SEI-air-20220708-001,2022-07-08 21:10:29,HTB,DEAL-002
HNL-air-20220709-001,2022-07-09 22:30:29,HTB,DEAL-002
HNT-road-20220716-001,2022-07-17 01:32:57,STM,DEAL-001
HNT-sea-20220715-001,2022-07-15 20:13:57,STM,DEAL-001
HNL-sea-20220719-001,2022-07-20 03:19:36,HMM,DEAL-005
NPL-sea-20220727-001,2022-07-27 22:12:59,SZK,DEAL-003
NPL-road-20220721-001,2022-07-22 09:58:28,KMM,DEAL-004
HNT-sea-20220715-002,2022-07-16 04:31:28,KMM,DEAL-004
NPL-air-20220720-001,2022-07-21 02:09:26,SZK,DEAL-008
NPL-sea-20220729-001,2022-07-29 23:49:51,HMM,DEAL-005
HNT-sea-20220726-001,2022-07-26 21:47:16,HTB,DEAL-002
NPL-sea-20220731-001,2022-08-01 05:52:17,SZK,DEAL-003
NPL-road-20220730-001,2022-07-31 00:07:17,SZK,DEAL-003
SEI-road-20220728-001,2022-07-29 01:02:37,KMM,DEAL-004
NPL-air-20220801-001,2022-08-01 23:31:37,KMM,DEAL-004
YML-road-20220721-001,2022-07-21 20:12:37,KMM,DEAL-004
SEI-sea-20220726-001,2022-07-26 19:02:47,STM,DEAL-001
YML-air-20220726-001,2022-07-26 19:28:38,HTB,DEAL-002
SEI-road-20220728-002,2022-07-28 23:29:38,HTB,DEAL-002
NPL-air-20220728-001,2022-07-29 01:27:38,HTB,DEAL-002
SEI-road-20220730-001,2022-07-31 02:06:15,STM,DEAL-001
HNL-road-20220802-001,2022-08-03 01:19:15,STM,DEAL-001
YML-air-20220804-001,2022-08-05 00:45:15,STM,DEAL-001
HNT-sea-20220801-001,2022-08-02 08:59:50,KMM,DEAL-004
SEI-air-20220802-001,2022-08-03 01:42:40,HTB,DEAL-002
YML-sea-20220731-001,2022-07-31 21:06:40,HTB,DEAL-002
HNL-road-20220801-001,2022-08-02 02:39:40,HTB,DEAL-002
YML-sea-20220809-001,2022-08-10 01:01:31,HMM,DEAL-005
HNL-air-20220804-001,2022-08-05 02:57:31,HMM,DEAL-005
YML-road-20220807-001,2022-08-08 06:33:48,SZK,DEAL-003
HNL-air-20220814-001,2022-08-15 01:09:48,SZK,DEAL-003
HNT-road-20220811-001,2022-08-12 02:00:21,STM,DEAL-006
SEI-sea-20220804-001,2022-08-05 03:54:21,STM,DEAL-006
HNL-air-20220808-001,2022-08-09 03:23:06,HTB,DEAL-007
YML-road-20220814-001,2022-08-14 20:39:58,KMM,DEAL-004
YML-sea-20220815-001,2022-08-15 23:49:58,KMM,DEAL-004
HNL-sea-20220809-001,2022-08-10 01:44:46,SZK,DEAL-003
HNT-air-20220812-001,2022-08-13 00:25:54,HTB,DEAL-002
SEI-sea-20220819-001,2022-08-20 02:31:54,HTB,DEAL-002
SEI-sea-20220809-001,2022-08-10 03:29:54,HTB,DEAL-002
HNT-air-20220811-001,2022-08-12 03:15:06,STM,DEAL-001
HNL-sea-20220820-001,2022-08-21 03:47:06,STM,DEAL-001
HNT-sea-20220818-001,2022-08-19 02:00:06,STM,DEAL-001
HNT-sea-20220815-001,2022-08-16 06:24:22,HMM,DEAL-005
YML-sea-20220816-001,2022-08-17 06:09:17,SZK,DEAL-003
HNT-road-20220825-001,2022-08-26 07:45:17,SZK,DEAL-003
YML-sea-20220813-001,2022-08-14 06:47:10,KMM,DEAL-004
SEI-sea-20220821-001,2022-08-22 04:51:10,KMM,DEAL-004
SEI-sea-20220818-001,2022-08-19 05:34:10,KMM,DEAL-004
YML-air-20220825-001,2022-08-26 04:06:40,HMM,DEAL-005
YML-road-20220821-001,2022-08-21 20:53:32,STM,DEAL-001
HNT-sea-20220820-001,2022-08-20 20:40:58,HTB,DEAL-002
SEI-road-20220821-001,2022-08-21 18:59:58,HTB,DEAL-002
YML-air-20220825-002,2022-08-25 19:47:58,HTB,DEAL-002
HNL-air-20220830-001,2022-08-31 02:24:29,KMM,DEAL-004
HNT-sea-20220825-001,2022-08-26 00:35:36,SZK,DEAL-003
NPL-air-20220822-001,2022-08-22 23:15:36,SZK,DEAL-003
YML-air-20220828-001,2022-08-29 01:00:23,HMM,DEAL-005
SEI-air-20220902-001,2022-09-03 04:07:23,HMM,DEAL-005
SEI-air-20220828-001,2022-08-29 01:41:40,HTB,DEAL-002
SEI-sea-20220903-001,2022-09-04 00:37:34,KMM,DEAL-004
SEI-road-20220906-001,2022-09-06 23:23:14,STM,DEAL-001
YML-sea-20220902-001,2022-09-03 05:59:06,SZK,DEAL-003
HNT-sea-20220902-001,2022-09-02 23:51:06,SZK,DEAL-003
HNT-air-20220905-001,2022-09-06 02:37:06,SZK,DEAL-003
HNL-road-20220904-001,2022-09-04 18:41:57,KMM,DEAL-004
HNL-road-20220902-001,2022-09-02 20:42:57,KMM,DEAL-004
NPL-sea-20220910-001,2022-09-11 00:08:57,KMM,DEAL-004
SEI-road-20220907-001,2022-09-08 05:25:47,HMM,DEAL-005
YML-road-20220907-001,2022-09-07 21:22:33,STM,DEAL-006
YML-sea-20220904-001,2022-09-04 19:14:33,STM,DEAL-006
YML-road-20220905-001,2022-09-05 21:47:33,STM,DEAL-006
HNT-air-20220910-001,2022-09-11 10:02:38,SZK,DEAL-008
YML-sea-20220909-001,2022-09-10 04:48:38,SZK,DEAL-008
NPL-road-20220907-001,2022-09-08 05:56:38,SZK,DEAL-008
HNT-air-20220908-001,2022-09-09 04:18:26,STM,DEAL-001
YML-road-20220911-001,2022-09-12 05:42:26,STM,DEAL-001
NPL-sea-20220919-001,2022-09-20 00:32:15,SZK,DEAL-003
SEI-air-20220909-001,2022-09-09 22:38:13,HTB,DEAL-002
HNT-road-20220913-001,2022-09-14 01:07:14,HMM,DEAL-005
YML-air-20220922-001,2022-09-23 04:06:14,HMM,DEAL-005
NPL-air-20220913-001,2022-09-13 22:51:34,KMM,DEAL-004
YML-road-20220920-001,2022-09-20 20:31:41,HTB,DEAL-007
NPL-air-20220915-002,2022-09-16 01:55:41,HTB,DEAL-007
NPL-sea-20220920-001,2022-09-21 04:08:41,HTB,DEAL-007
SEI-sea-20220923-001,2022-09-24 03:09:39,STM,DEAL-001
HNT-road-20220927-001,2022-09-27 19:00:44,SZK,DEAL-003
SEI-road-20220918-001,2022-09-18 22:51:49,HTB,DEAL-002
HNL-air-20220923-001,2022-09-24 02:47:43,HMM,DEAL-005
SEI-sea-20220924-001,2022-09-25 05:42:43,HMM,DEAL-005
YML-road-20221007-001,2022-10-08 00:33:35,KMM,DEAL-004
NPL-air-20221002-001,2022-10-02 19:06:35,KMM,DEAL-004
NPL-sea-20221011-001,2022-10-11 19:30:35,KMM,DEAL-004
NPL-road-20221001-001,2022-10-02 04:21:10,SZK,DEAL-003
NPL-sea-20221004-001,2022-10-05 02:49:10,SZK,DEAL-003
SEI-sea-20221003-001,2022-10-04 07:23:10,SZK,DEAL-003
HNL-road-20220926-001,2022-09-27 07:25:31,STM,DEAL-001
HNL-road-20220929-001,2022-09-29 21:27:37,HMM,DEAL-005
SEI-air-20220927-001,2022-09-27 23:52:37,HMM,DEAL-005
HNL-air-20221004-001,2022-10-05 03:58:37,HMM,DEAL-005
YML-air-20221003-001,2022-10-03 23:40:03,KMM,DEAL-004
YML-sea-20221006-001,2022-10-07 05:45:28,HTB,DEAL-002
HNT-air-20221005-001,2022-10-05 22:12:28,HTB,DEAL-002
NPL-sea-20221008-001,2022-10-09 04:33:07,SZK,DEAL-008
HNT-air-20221002-001,2022-10-03 01:04:55,STM,DEAL-001
YML-air-20221013-001,2022-10-14 02:25:17,SZK,DEAL-003
HNT-sea-20221013-001,2022-10-14 03:53:43,HTB,DEAL-002
YML-road-20221010-001,2022-10-11 03:46:56,HMM,DEAL-005
HNT-sea-20221021-001,2022-10-22 09:18:44,STM,DEAL-001
NPL-sea-20221014-001,2022-10-15 06:39:44,STM,DEAL-001
HNL-road-20221015-001,2022-10-16 06:00:44,STM,DEAL-001
YML-air-20221016-001,2022-10-17 02:59:02,SZK,DEAL-003
HNT-air-20221026-001,2022-10-27 10:09:53,KMM,DEAL-004
HNT-sea-20221014-001,2022-10-15 03:21:53,KMM,DEAL-004
NPL-air-20221024-001,2022-10-25 00:11:25,HTB,DEAL-002
HNL-air-20221031-001,2022-11-01 02:30:59,SZK,DEAL-003
SEI-road-20221015-002,2022-10-16 02:14:10,HMM,DEAL-005
HNT-sea-20221025-001,2022-10-26 04:28:10,HMM,DEAL-005
SEI-road-20221022-001,2022-10-23 02:57:10,HMM,DEAL-005
NPL-road-20221020-001,2022-10-21 00:32:42,STM,DEAL-006
SEI-air-20221021-001,2022-10-21 17:27:42,STM,DEAL-006
HNT-air-20221025-001,2022-10-25 21:06:42,STM,DEAL-006
HNL-sea-20221018-001,2022-10-19 05:17:18,KMM,DEAL-004
HNT-sea-20221020-001,2022-10-21 00:59:16,STM,DEAL-001
SEI-sea-20221026-001,2022-10-27 04:33:19,HMM,DEAL-005
YML-sea-20221023-001,2022-10-23 21:38:19,HMM,DEAL-005
HNL-road-20221029-001,2022-10-29 21:59:53,HTB,DEAL-002
NPL-air-20221029-001,2022-10-29 19:00:53,HTB,DEAL-002
HNT-sea-20221028-001,2022-10-28 18:35:53,HTB,DEAL-002
HNL-sea-20221025-001,2022-10-26 08:06:46,SZK,DEAL-003
SEI-sea-20221102-001,2022-11-03 02:40:44,KMM,DEAL-004
SEI-air-20221104-001,2022-11-05 07:47:44,KMM,DEAL-004
YML-air-20221102-001,2022-11-03 00:23:44,KMM,DEAL-004
SEI-road-20221030-001,2022-10-31 01:08:03,STM,DEAL-001
YML-air-20221101-001,2022-11-02 01:03:03,STM,DEAL-001
YML-air-20221103-001,2022-11-04 01:50:29,HTB,DEAL-002
SEI-air-20221105-001,2022-11-05 22:40:29,HTB,DEAL-002
HNT-sea-20221112-001,2022-11-13 08:02:06,KMM,DEAL-004
HNL-air-20221103-001,2022-11-04 08:30:12,HMM,DEAL-005
HNL-sea-20221104-001,2022-11-05 08:51:54,HTB,DEAL-007
HNL-air-20221109-001,2022-11-10 06:55:54,HTB,DEAL-007
YML-air-20221105-001,2022-11-06 09:26:54,HTB,DEAL-007
SEI-air-20221105-002,2022-11-05 16:36:41,SZK,DEAL-003
NPL-sea-20221113-001,2022-11-14 03:45:36,HTB,DEAL-002
HNL-air-20221113-001,2022-11-14 00:21:12,STM,DEAL-001
HNT-road-20221117-001,2022-11-17 20:21:12,STM,DEAL-001
HNT-air-20221116-001,2022-11-17 06:22:35,KMM,DEAL-004
YML-air-20221125-001,2022-11-26 03:22:35,KMM,DEAL-004
HNL-road-20221118-001,2022-11-19 04:05:35,KMM,DEAL-004
YML-air-20221118-001,2022-11-18 22:33:40,HMM,DEAL-005
HNL-sea-20221124-001,2022-11-25 09:20:14,SZK,DEAL-003
HNL-air-20221126-001,2022-11-26 23:47:39,STM,DEAL-001
NPL-air-20221122-001,2022-11-22 17:58:22,HTB,DEAL-002
NPL-road-20221118-001,2022-11-18 20:19:54,STM,DEAL-006
HNL-road-20221118-002,2022-11-18 22:12:54,STM,DEAL-006
NPL-air-20221117-001,2022-11-18 01:57:54,STM,DEAL-006
SEI-road-20221124-001,2022-11-25 01:48:32,SZK,DEAL-008
HNT-road-20221127-001,2022-11-28 07:11:32,SZK,DEAL-008
YML-air-20221125-002,2022-11-25 19:10:15,HMM,DEAL-005
YML-sea-20221120-001,2022-11-20 22:16:15,HMM,DEAL-005
NPL-sea-20221126-001,2022-11-26 19:29:51,STM,DEAL-001
HNL-air-20221126-002,2022-11-26 18:07:51,STM,DEAL-001
NPL-air-20221208-001,2022-12-09 04:03:48,KMM,DEAL-004
HNT-air-20221121-001,2022-11-22 03:07:48,KMM,DEAL-004
NPL-air-20221204-001,2022-12-04 23:48:48,KMM,DEAL-004
SEI-road-20221126-001,2022-11-27 03:41:56,SZK,DEAL-003
HNT-road-20221201-001,2022-12-02 02:07:56,SZK,DEAL-003
YML-sea-20221128-001,2022-11-29 02:39:22,HTB,DEAL-002
NPL-air-20221216-001,2022-12-17 01:47:11,KMM,DEAL-004
HNT-road-20221210-001,2022-12-11 01:38:28,STM,DEAL-001
NPL-road-20221202-001,2022-12-03 05:44:28,STM,DEAL-001
HNT-sea-20221208-001,2022-12-09 00:19:28,STM,DEAL-001
NPL-air-20221208-002,2022-12-09 01:56:22,HMM,DEAL-005
NPL-sea-20221206-001,2022-12-07 03:24:53,HTB,DEAL-002
HNT-sea-20221211-001,2022-12-12 02:28:04,KMM,DEAL-004
SEI-road-20221210-001,2022-12-11 03:46:04,KMM,DEAL-004
HNT-road-20221221-001,2022-12-22 01:46:44,SZK,DEAL-003
NPL-sea-20221206-002,2022-12-06 21:44:44,SZK,DEAL-003
HNL-sea-20221206-001,2022-12-06 23:49:44,SZK,DEAL-003
HNT-air-20221209-001,2022-12-09 22:23:29,HMM,DEAL-005
HNT-sea-20221207-001,2022-12-08 01:00:29,HMM,DEAL-005
YML-road-20221205-002,2022-12-06 06:33:29,HMM,DEAL-005
YML-air-20221217-001,2022-12-18 07:41:54,STM,DEAL-001
HNL-road-20221217-001,2022-12-17 18:02:10,KMM,DEAL-004
HNL-air-20221215-001,2022-12-15 20:34:10,KMM,DEAL-004
HNT-road-20221215-001,2022-12-16 03:38:48,HTB,DEAL-002
HNT-sea-20221219-001,2022-12-20 06:28:48,HTB,DEAL-002
YML-air-20221219-001,2022-12-20 01:20:48,HTB,DEAL-002
HNL-air-20221215-002,2022-12-16 07:20:44,HMM,DEAL-005
YML-road-20221219-001,2022-12-19 20:03:55,HTB,DEAL-007
HNT-sea-20221217-001,2022-12-18 06:51:39,STM,DEAL-001
NPL-road-20221223-001,2022-12-24 07:52:34,SZK,DEAL-003
SEI-air-20221220-001,2022-12-21 01:44:02,HTB,DEAL-002
NPL-sea-20221220-001,2022-12-21 04:02:02,HTB,DEAL-002
YML-air-20221221-001,2022-12-22 01:54:02,HTB,DEAL-002
SEI-sea-20221221-001,2022-12-22 04:59:08,HMM,DEAL-005
SEI-air-20221220-002,2022-12-21 03:47:08,HMM,DEAL-005
YML-sea-20221222-001,2022-12-23 07:25:17,STM,DEAL-001
YML-sea-20221224-001,2022-12-25 03:39:54,KMM,DEAL-004
HNT-air-20221224-001,2022-12-25 01:29:27,HTB,DEAL-002
HNT-sea-20230111-001,2023-01-11 19:25:49,SZK,DEAL-003
SEI-road-20221228-001,2022-12-28 22:29:49,SZK,DEAL-003
HNL-air-20230105-001,2023-01-05 22:12:49,SZK,DEAL-003
SEI-road-20230111-001,2023-01-12 06:34:29,HMM,DEAL-005
HNL-road-20230102-001,2023-01-03 08:09:59,STM,DEAL-001
HNT-sea-20221231-001,2023-01-01 07:29:59,STM,DEAL-001
YML-road-20230105-001,2023-01-06 05:23:59,STM,DEAL-001
NPL-sea-20230102-001,2023-01-02 22:54:08,HTB,DEAL-002
HNL-sea-20230117-001,2023-01-18 06:08:52,SZK,DEAL-003
NPL-sea-20230117-001,2023-01-18 08:31:52,SZK,DEAL-003
SEI-air-20230113-001,2023-01-13 21:54:12,KMM,DEAL-004
NPL-road-20230112-001,2023-01-12 19:59:12,KMM,DEAL-004
SEI-sea-20230101-001,2023-01-01 18:18:12,KMM,DEAL-004
HNT-air-20230104-001,2023-01-05 06:19:24,STM,DEAL-006
YML-road-20230103-001,2023-01-04 01:18:24,STM,DEAL-006
HNT-sea-20230106-001,2023-01-07 02:17:24,STM,DEAL-006
YML-sea-20230109-001,2023-01-10 06:08:49,SZK,DEAL-008
HNL-road-20230107-001,2023-01-07 22:51:33,HMM,DEAL-005
HNL-sea-20230109-001,2023-01-10 04:34:16,HTB,DEAL-002
HNT-road-20230111-001,2023-01-11 23:44:16,HTB,DEAL-002
SEI-road-20230119-001,2023-01-20 02:48:54,STM,DEAL-001
HNT-road-20230118-001,2023-01-18 23:19:54,STM,DEAL-001
HNT-sea-20230110-001,2023-01-10 19:26:54,STM,DEAL-001
YML-road-20230109-001,2023-01-10 09:40:51,SZK,DEAL-003
YML-air-20230109-001,2023-01-10 07:00:51,SZK,DEAL-003
HNL-road-20230115-001,2023-01-16 08:06:51,SZK,DEAL-003
HNL-sea-20230120-001,2023-01-21 01:50:01,HMM,DEAL-005
HNT-sea-20230118-001,2023-01-19 03:23:01,HMM,DEAL-005
HNL-sea-20230111-001,2023-01-12 03:31:01,HMM,DEAL-005
YML-sea-20230118-001,2023-01-19 07:45:56,KMM,DEAL-004
SEI-air-20230114-001,2023-01-15 08:12:56,KMM,DEAL-004
YML-sea-20230122-001,2023-01-22 19:01:34,SZK,DEAL-003
SEI-road-20230115-001,2023-01-16 05:22:23,HMM,DEAL-005
HNL-sea-20230127-001,2023-01-28 04:52:16,STM,DEAL-001
HNL-road-20230124-001,2023-01-25 03:21:10,HTB,DEAL-002
HNT-sea-20230208-001,2023-02-09 03:42:57,KMM,DEAL-004
HNT-air-20230129-001,2023-01-30 02:17:50,HTB,DEAL-007
NPL-air-20230202-001,2023-02-03 08:06:58,HTB,DEAL-002
NPL-sea-20230202-001,2023-02-03 06:17:58,HTB,DEAL-002
HNT-sea-20230129-001,2023-01-30 00:27:58,HTB,DEAL-002
NPL-air-20230201-001,2023-02-01 20:35:01,HMM,DEAL-005
NPL-sea-20230201-001,2023-02-02 01:22:58,SZK,DEAL-003
HNT-sea-20230205-001,2023-02-06 04:30:53,STM,DEAL-001
YML-sea-20230209-001,2023-02-10 05:24:53,STM,DEAL-001
NPL-air-20230210-001,2023-02-11 03:25:53,STM,DEAL-001
HNT-air-20230201-001,2023-02-02 02:44:14,KMM,DEAL-004
HNT-air-20230211-001,2023-02-12 02:58:14,KMM,DEAL-004
NPL-road-20230202-001,2023-02-02 21:56:31,SZK,DEAL-008
SEI-road-20230201-001,2023-02-02 03:47:31,SZK,DEAL-008
YML-road-20230206-001,2023-02-06 23:07:13,HTB,DEAL-002
SEI-sea-20230204-001,2023-02-04 19:11:13,HTB,DEAL-002
SEI-sea-20230208-001,2023-02-08 20:30:13,HTB,DEAL-002
SEI-sea-20230209-001,2023-02-10 06:21:47,HMM,DEAL-005
YML-road-20230208-001,2023-02-09 01:30:47,HMM,DEAL-005
SEI-air-20230202-001,2023-02-03 06:57:47,HMM,DEAL-005
NPL-air-20230207-001,2023-02-08 06:50:57,SZK,DEAL-003
NPL-sea-20230213-001,2023-02-14 01:34:58,STM,DEAL-006
HNL-sea-20230219-001,2023-02-20 02:15:58,STM,DEAL-006
SEI-road-20230213-001,2023-02-14 01:15:28,STM,DEAL-001
HNL-sea-20230215-001,2023-02-15 21:09:59,KMM,DEAL-004
YML-sea-20230209-002,2023-02-10 04:33:59,KMM,DEAL-004
YML-road-20230221-001,2023-02-21 23:19:28,HTB,DEAL-002
SEI-road-20230218-001,2023-02-18 23:27:28,HTB,DEAL-002
HNL-sea-20230213-001,2023-02-14 08:44:56,SZK,DEAL-003
YML-road-20230216-001,2023-02-17 00:47:22,HMM,DEAL-005
HNL-sea-20230220-001,2023-02-20 22:37:22,HMM,DEAL-005
HNL-air-20230221-001,2023-02-21 21:51:45,STM,DEAL-001
HNT-road-20230219-001,2023-02-20 02:54:35,HTB,DEAL-002
HNL-air-20230227-001,2023-02-28 01:59:17,KMM,DEAL-004
SEI-air-20230222-001,2023-02-23 04:31:17,KMM,DEAL-004
HNT-air-20230222-001,2023-02-23 05:02:07,SZK,DEAL-003
HNL-road-20230221-001,2023-02-22 03:01:07,SZK,DEAL-003
HNL-air-20230303-001,2023-03-03 17:21:48,HTB,DEAL-002
YML-sea-20230306-001,2023-03-06 22:08:48,HTB,DEAL-002
NPL-air-20230303-001,2023-03-03 20:10:48,HTB,DEAL-002
NPL-road-20230307-001,2023-03-08 06:37:06,HMM,DEAL-005
NPL-air-20230304-001,2023-03-04 21:46:18,STM,DEAL-001
HNT-road-20230304-001,2023-03-04 22:35:18,STM,DEAL-001
HNT-sea-20230309-001,2023-03-09 20:28:18,STM,DEAL-001
YML-air-20230308-001,2023-03-09 09:15:36,HTB,DEAL-007
NPL-road-20230302-001,2023-03-03 06:41:36,HTB,DEAL-007
SEI-road-20230318-001,2023-03-19 06:03:56,KMM,DEAL-004
SEI-road-20230313-001,2023-03-13 18:20:39,STM,DEAL-001
NPL-air-20230313-001,2023-03-13 21:05:39,STM,DEAL-001
HNT-road-20230306-001,2023-03-06 21:14:39,STM,DEAL-001
NPL-sea-20230307-001,2023-03-08 06:26:10,SZK,DEAL-003
HNT-road-20230319-001,2023-03-19 23:05:42,HTB,DEAL-002
YML-air-20230316-001,2023-03-16 23:52:16,HMM,DEAL-005
HNL-air-20230309-001,2023-03-10 00:09:16,HMM,DEAL-005
HNL-air-20230309-002,2023-03-10 01:54:16,HMM,DEAL-005
YML-air-20230325-001,2023-03-26 00:54:41,STM,DEAL-001
NPL-air-20230321-001,2023-03-21 21:41:01,SZK,DEAL-003
HNL-air-20230316-001,2023-03-17 03:25:49,KMM,DEAL-004
NPL-sea-20230317-001,2023-03-18 06:56:49,KMM,DEAL-004
HNL-road-20230322-001,2023-03-23 09:06:14,SZK,DEAL-008
YML-air-20230324-001,2023-03-24 21:36:31,STM,DEAL-001
NPL-road-20230323-001,2023-03-24 04:48:05,HTB,DEAL-002
NPL-sea-20230402-001,2023-04-02 22:32:30,SZK,DEAL-003
HNL-air-20230321-001,2023-03-21 20:06:27,HMM,DEAL-005
SEI-road-20230329-001,2023-03-30 03:57:07,KMM,DEAL-004
HNL-sea-20230404-001,2023-04-05 05:50:07,KMM,DEAL-004
SEI-road-20230325-001,2023-03-26 01:58:07,KMM,DEAL-004
HNT-road-20230403-001,2023-04-04 01:37:21,SZK,DEAL-003
YML-sea-20230328-001,2023-03-29 03:02:21,SZK,DEAL-003
SEI-air-20230404-001,2023-04-04 19:57:21,SZK,DEAL-003
NPL-air-20230405-001,2023-04-06 03:46:53,HMM,DEAL-005
SEI-road-20230329-002,2023-03-30 06:11:53,HMM,DEAL-005
SEI-sea-20230331-001,2023-03-31 23:02:53,HMM,DEAL-005
YML-sea-20230406-001,2023-04-06 23:55:01,HTB,DEAL-002
SEI-sea-20230330-001,2023-03-31 03:13:01,HTB,DEAL-002
HNT-road-20230402-001,2023-04-03 07:55:10,STM,DEAL-001
HNL-road-20230413-001,2023-04-14 02:07:30,KMM,DEAL-004
SEI-sea-20230403-001,2023-04-04 09:06:30,KMM,DEAL-004
HNL-sea-20230404-002,2023-04-05 03:37:50,STM,DEAL-006
NPL-road-20230402-001,2023-04-03 04:52:50,STM,DEAL-006
HNT-road-20230404-001,2023-04-04 22:07:50,STM,DEAL-006
YML-air-20230406-001,2023-04-07 00:26:28,SZK,DEAL-003
NPL-air-20230408-001,2023-04-08 18:55:28,SZK,DEAL-003
NPL-sea-20230409-001,2023-04-09 16:33:28,SZK,DEAL-003
NPL-sea-20230409-002,2023-04-09 20:13:56,HTB,DEAL-007
NPL-air-20230408-002,2023-04-09 03:58:56,HTB,DEAL-007
HNL-air-20230418-001,2023-04-18 22:55:56,HTB,DEAL-007
HNT-air-20230413-001,2023-04-13 17:25:32,STM,DEAL-001
YML-air-20230419-001,2023-04-20 04:50:33,HTB,DEAL-002
YML-air-20230414-001,2023-04-15 01:49:33,HTB,DEAL-002
HNL-air-20230413-001,2023-04-14 05:09:33,HTB,DEAL-002
HNL-sea-20230415-001,2023-04-16 03:49:22,KMM,DEAL-004
HNL-air-20230416-001,2023-04-16 22:46:02,HMM,DEAL-005
NPL-road-20230409-001,2023-04-09 18:36:02,HMM,DEAL-005
YML-sea-20230415-001,2023-04-15 18:21:58,STM,DEAL-001
HNL-air-20230419-001,2023-04-20 01:46:58,STM,DEAL-001
NPL-air-20230416-001,2023-04-17 02:33:58,STM,DEAL-001
NPL-air-20230413-001,2023-04-14 04:13:26,SZK,DEAL-003
YML-sea-20230415-002,2023-04-16 03:06:26,SZK,DEAL-003
YML-air-20230423-001,2023-04-24 04:09:26,SZK,DEAL-003
YML-air-20230501-001,2023-05-02 07:47:11,KMM,DEAL-004
SEI-sea-20230501-001,2023-05-02 06:41:11,KMM,DEAL-004
NPL-air-20230430-001,2023-05-01 07:06:11,KMM,DEAL-004
SEI-road-20230422-001,2023-04-23 04:09:17,HTB,DEAL-002
HNL-road-20230416-001,2023-04-16 22:42:17,HTB,DEAL-002
HNL-road-20230418-001,2023-04-18 22:07:31,HMM,DEAL-005
HNT-sea-20230422-001,2023-04-23 06:47:00,SZK,DEAL-003
HNT-sea-20230502-001,2023-05-03 00:31:00,SZK,DEAL-003
YML-air-20230428-001,2023-04-29 09:32:08,STM,DEAL-001
HNL-road-20230425-001,2023-04-26 06:04:08,STM,DEAL-001
HNT-air-20230505-001,2023-05-05 19:47:19,KMM,DEAL-004
YML-air-20230503-001,2023-05-04 03:31:42,HTB,DEAL-002
SEI-road-20230426-002,2023-04-27 03:12:42,HTB,DEAL-002
HNT-sea-20230504-001,2023-05-05 08:16:42,HTB,DEAL-002
HNT-air-20230503-001,2023-05-04 01:25:31,STM,DEAL-001
YML-road-20230502-001,2023-05-03 08:53:59,HMM,DEAL-005
YML-air-20230501-002,2023-05-02 10:23:59,HMM,DEAL-005
YML-air-20230506-001,2023-05-07 07:33:59,HMM,DEAL-005
YML-sea-20230501-001,2023-05-01 19:40:48,STM,DEAL-006
YML-air-20230502-001,2023-05-02 22:53:48,STM,DEAL-006
HNL-sea-20230513-001,2023-05-13 22:50:52,SZK,DEAL-008
YML-road-20230506-001,2023-05-07 03:39:52,SZK,DEAL-008
SEI-air-20230503-001,2023-05-04 04:08:52,SZK,DEAL-008
SEI-sea-20230517-001,2023-05-17 22:40:35,SZK,DEAL-003
HNT-air-20230510-001,2023-05-10 22:47:48,HTB,DEAL-002
HNT-road-20230511-001,2023-05-12 01:15:48,HTB,DEAL-002
NPL-air-20230510-001,2023-05-11 05:19:48,HTB,DEAL-002
YML-road-20230514-001,2023-05-15 00:31:23,KMM,DEAL-004
HNL-air-20230508-001,2023-05-08 22:26:47,SZK,DEAL-003
HNL-sea-20230509-001,2023-05-09 23:05:06,HMM,DEAL-005
SEI-air-20230510-001,2023-05-11 05:39:38,HTB,DEAL-002
YML-road-20230517-001,2023-05-17 22:12:48,STM,DEAL-001
HNT-air-20230517-001,2023-05-18 05:32:48,STM,DEAL-001
HNT-air-20230517-002,2023-05-18 05:19:48,STM,DEAL-001
HNT-road-20230522-001,2023-05-22 18:29:33,SZK,DEAL-003
YML-sea-20230512-001,2023-05-12 20:34:33,SZK,DEAL-003
HNL-road-20230513-001,2023-05-14 01:07:33,SZK,DEAL-003
NPL-sea-20230514-001,2023-05-15 04:51:32,KMM,DEAL-004
NPL-road-20230525-001,2023-05-26 00:20:08,HTB,DEAL-002
YML-sea-20230518-001,2023-05-18 23:09:02,HTB,DEAL-007
HNL-air-20230517-001,2023-05-17 22:50:02,HTB,DEAL-007
NPL-road-20230518-001,2023-05-19 03:23:43,HMM,DEAL-005
SEI-air-20230517-001,2023-05-18 00:24:43,HMM,DEAL-005
NPL-sea-20230531-001,2023-06-01 02:14:19,KMM,DEAL-004
SEI-air-20230526-001,2023-05-27 01:15:21,STM,DEAL-001
YML-sea-20230528-001,2023-05-28 19:20:01,SZK,DEAL-003
HNL-road-20230525-001,2023-05-25 22:30:01,SZK,DEAL-003
NPL-road-20230601-001,2023-06-01 21:45:03,HMM,DEAL-005
SEI-sea-20230601-001,2023-06-01 22:50:48,HTB,DEAL-002
SEI-road-20230605-001,2023-06-06 02:31:49,SZK,DEAL-003
YML-air-20230611-001,2023-06-12 06:05:49,SZK,DEAL-003
HNT-road-20230605-001,2023-06-06 01:57:09,STM,DEAL-001
HNT-air-20230610-001,2023-06-10 20:03:11,HTB,DEAL-002
YML-road-20230613-001,2023-06-14 06:03:55,KMM,DEAL-004
HNL-road-20230615-001,2023-06-16 00:03:55,KMM,DEAL-004
HNL-air-20230607-001,2023-06-07 23:56:08,HMM,DEAL-005
SEI-sea-20230607-001,2023-06-07 20:27:08,HMM,DEAL-005
YML-road-20230606-001,2023-06-06 23:30:56,SZK,DEAL-003
SEI-air-20230612-001,2023-06-13 10:24:39,STM,DEAL-006
HNL-air-20230612-001,2023-06-13 10:15:39,STM,DEAL-006
YML-air-20230620-001,2023-06-21 02:47:39,STM,DEAL-006
YML-air-20230616-001,2023-06-16 16:51:57,SZK,DEAL-008
YML-air-20230613-001,2023-06-14 08:45:11,KMM,DEAL-004
HNL-sea-20230611-001,2023-06-11 19:15:58,HMM,DEAL-005
SEI-sea-20230615-001,2023-06-15 23:38:58,HMM,DEAL-005
SEI-road-20230615-001,2023-06-15 20:57:58,HMM,DEAL-005
HNT-road-20230619-001,2023-06-19 22:52:17,STM,DEAL-001
YML-sea-20230619-001,2023-06-20 00:43:17,STM,DEAL-001
YML-road-20230611-001,2023-06-12 01:28:48,HTB,DEAL-002
HNL-air-20230621-001,2023-06-21 23:18:23,KMM,DEAL-004
NPL-sea-20230619-001,2023-06-20 01:44:46,SZK,DEAL-003
NPL-air-20230625-001,2023-06-26 02:43:46,SZK,DEAL-003
HNT-sea-20230620-001,2023-06-20 23:14:46,SZK,DEAL-003
HNT-air-20230622-001,2023-06-23 00:15:24,HMM,DEAL-005
SEI-road-20230702-001,2023-07-03 04:02:55,HTB,DEAL-002
HNL-road-20230629-001,2023-06-30 02:06:55,HTB,DEAL-002
SEI-air-20230701-001,2023-07-02 06:44:45,STM,DEAL-001
HNL-air-20230627-001,2023-06-28 00:05:45,STM,DEAL-001
HNL-air-20230704-001,2023-07-04 23:07:28,KMM,DEAL-004
HNT-air-20230626-001,2023-06-27 01:39:28,KMM,DEAL-004
SEI-air-20230703-001,2023-07-03 23:07:28,KMM,DEAL-004
NPL-road-20230708-001,2023-07-08 19:10:20,SZK,DEAL-003
SEI-road-20230703-001,2023-07-03 21:45:20,SZK,DEAL-003
HNT-air-20230627-001,2023-06-27 17:09:20,SZK,DEAL-003
HNT-road-20230629-001,2023-06-30 04:48:16,HTB,DEAL-002
HNL-air-20230701-001,2023-07-02 06:38:20,KMM,DEAL-004
YML-sea-20230705-001,2023-07-05 21:23:06,HMM,DEAL-005
NPL-sea-20230704-001,2023-07-04 20:13:06,HMM,DEAL-005
HNL-sea-20230630-001,2023-07-01 05:06:05,STM,DEAL-001
HNT-sea-20230711-001,2023-07-12 00:31:02,HTB,DEAL-007
HNT-sea-20230704-001,2023-07-04 21:52:02,HTB,DEAL-007
HNT-air-20230709-001,2023-07-10 04:54:02,HTB,DEAL-007
HNL-road-20230706-001,2023-07-07 06:20:52,HMM,DEAL-005
HNL-sea-20230708-001,2023-07-09 01:24:52,HMM,DEAL-005
YML-sea-20230704-001,2023-07-05 05:46:52,HMM,DEAL-005
YML-road-20230706-001,2023-07-07 00:00:30,STM,DEAL-001
NPL-sea-20230704-002,2023-07-05 00:35:30,STM,DEAL-001
YML-sea-20230710-001,2023-07-10 23:46:42,SZK,DEAL-003
YML-air-20230711-001,2023-07-12 03:18:10,KMM,DEAL-004
HNT-road-20230718-001,2023-07-19 01:28:10,KMM,DEAL-004
YML-sea-20230713-001,2023-07-13 21:07:13,HTB,DEAL-002
SEI-air-20230711-001,2023-07-11 19:33:31,STM,DEAL-001
HNL-sea-20230723-001,2023-07-24 06:29:44,HMM,DEAL-005
HNT-road-20230720-001,2023-07-21 09:34:44,HMM,DEAL-005
SEI-air-20230715-001,2023-07-16 01:51:44,HMM,DEAL-005
HNT-road-20230715-001,2023-07-16 04:35:34,STM,DEAL-006
NPL-air-20230723-001,2023-07-24 02:29:34,STM,DEAL-006
SEI-air-20230726-001,2023-07-26 22:17:16,KMM,DEAL-004
HNT-sea-20230719-001,2023-07-19 23:21:48,SZK,DEAL-003
HNT-air-20230727-001,2023-07-27 18:59:01,STM,DEAL-001
HNL-air-20230725-001,2023-07-25 17:16:01,STM,DEAL-001
YML-air-20230725-001,2023-07-25 22:40:01,STM,DEAL-001
SEI-sea-20230723-001,2023-07-23 22:08:03,HTB,DEAL-002
SEI-air-20230726-002,2023-07-26 19:32:03,HTB,DEAL-002
YML-air-20230725-002,2023-07-26 01:28:33,KMM,DEAL-004
HNL-sea-20230723-002,2023-07-24 01:27:55,SZK,DEAL-008
SEI-air-20230730-001,2023-07-31 00:12:37,HMM,DEAL-005
NPL-air-20230803-001,2023-08-04 02:10:44,STM,DEAL-001
NPL-air-20230801-001,2023-08-01 23:20:55,HTB,DEAL-002
NPL-sea-20230808-001,2023-08-09 00:45:44,KMM,DEAL-004
YML-road-20230802-001,2023-08-03 02:45:55,SZK,DEAL-003
NPL-air-20230805-001,2023-08-06 04:07:55,SZK,DEAL-003
NPL-road-20230809-001,2023-08-09 23:29:12,HTB,DEAL-007
NPL-road-20230806-001,2023-08-07 03:33:40,STM,DEAL-001
NPL-road-20230815-001,2023-08-16 07:04:40,STM,DEAL-001
HNT-air-20230805-001,2023-08-06 06:03:40,STM,DEAL-001
HNT-road-20230806-001,2023-08-07 04:19:01,HMM,DEAL-005
HNL-air-20230812-001,2023-08-12 21:33:56,SZK,DEAL-003
NPL-road-20230808-001,2023-08-09 01:37:56,HTB,DEAL-002
YML-sea-20230811-001,2023-08-12 02:16:56,HTB,DEAL-002
NPL-sea-20230808-002,2023-08-09 01:23:56,HTB,DEAL-002
YML-sea-20230818-001,2023-08-19 02:32:24,KMM,DEAL-004
HNT-air-20230810-001,2023-08-11 07:52:07,STM,DEAL-001
SEI-sea-20230817-001,2023-08-18 09:18:07,STM,DEAL-001
YML-road-20230819-001,2023-08-20 07:02:07,STM,DEAL-001
NPL-road-20230821-001,2023-08-21 23:53:04,HMM,DEAL-005
HNT-air-20230823-001,2023-08-24 00:11:04,HMM,DEAL-005
NPL-road-20230818-001,2023-08-18 21:22:49,KMM,DEAL-004
NPL-road-20230824-001,2023-08-24 23:47:37,STM,DEAL-006
SEI-air-20230821-001,2023-08-22 02:27:37,STM,DEAL-006
NPL-air-20230818-001,2023-08-18 20:45:19,HTB,DEAL-002
SEI-sea-20230818-001,2023-08-18 21:19:19,HTB,DEAL-002
HNL-sea-20230824-001,2023-08-25 02:00:21,SZK,DEAL-003
NPL-sea-20230826-001,2023-08-26 19:30:27,HMM,DEAL-005
YML-air-20230821-001,2023-08-21 23:42:27,HMM,DEAL-005
SEI-sea-20230901-001,2023-09-02 06:45:02,STM,DEAL-001
HNL-air-20230907-001,2023-09-08 07:30:42,SZK,DEAL-003
YML-road-20230828-001,2023-08-28 20:35:00,HTB,DEAL-002
YML-sea-20230904-001,2023-09-04 22:09:00,HTB,DEAL-002
YML-air-20230831-001,2023-09-01 02:31:00,HTB,DEAL-002
HNT-sea-20230909-001,2023-09-09 18:02:46,KMM,DEAL-004
SEI-road-20230904-001,2023-09-05 00:49:21,HMM,DEAL-005
NPL-sea-20230913-001,2023-09-14 00:25:51,SZK,DEAL-003
YML-air-20230902-001,2023-09-02 18:13:30,HTB,DEAL-007
HNT-road-20230909-001,2023-09-10 00:40:30,HTB,DEAL-007
NPL-sea-20230913-002,2023-09-14 00:44:30,HTB,DEAL-007
HNL-road-20230908-001,2023-09-08 18:43:13,SZK,DEAL-008
YML-road-20230912-001,2023-09-12 17:40:13,SZK,DEAL-008
NPL-air-20230912-001,2023-09-13 07:14:41,STM,DEAL-001
HNL-road-20230909-001,2023-09-10 05:50:41,STM,DEAL-001
YML-road-20230911-001,2023-09-11 23:59:41,STM,DEAL-001
NPL-road-20230916-001,2023-09-16 20:45:54,KMM,DEAL-004
NPL-air-20230908-001,2023-09-09 00:27:24,HTB,DEAL-002
HNL-road-20230912-001,2023-09-13 02:08:24,HTB,DEAL-002
HNL-air-20230910-001,2023-09-10 23:26:24,HTB,DEAL-002
YML-air-20230909-001,2023-09-10 07:23:22,STM,DEAL-001
HNT-sea-20230911-001,2023-09-12 07:52:22,STM,DEAL-001
HNT-road-20230922-001,2023-09-22 18:42:47,SZK,DEAL-003
SEI-air-20230912-001,2023-09-13 00:03:00,HMM,DEAL-005
HNL-road-20230913-001,2023-09-14 10:07:20,KMM,DEAL-004
SEI-road-20230924-001,2023-09-25 03:33:20,KMM,DEAL-004
NPL-air-20230914-001,2023-09-15 03:05:57,HMM,DEAL-005
SEI-sea-20230921-001,2023-09-21 22:52:57,HMM,DEAL-005
YML-sea-20230918-001,2023-09-18 17:50:46,HTB,DEAL-002
YML-sea-20230915-001,2023-09-15 20:56:46,HTB,DEAL-002
HNL-road-20230920-001,2023-09-21 04:42:29,SZK,DEAL-003
YML-air-20230916-001,2023-09-17 04:34:29,SZK,DEAL-003
SEI-sea-20230918-001,2023-09-19 04:18:03,STM,DEAL-006
HNT-air-20230922-001,2023-09-23 04:33:03,STM,DEAL-006
HNL-sea-20230917-001,2023-09-18 07:45:03,STM,DEAL-006
SEI-road-20230926-001,2023-09-26 21:48:26,STM,DEAL-001
HNL-road-20230917-001,2023-09-18 04:01:26,STM,DEAL-001
NPL-sea-20230923-001,2023-09-23 21:00:43,STM,DEAL-001
SEI-sea-20231005-001,2023-10-06 00:19:04,KMM,DEAL-004
SEI-sea-20230930-001,2023-09-30 17:01:08,HTB,DEAL-002
SEI-air-20231004-001,2023-10-04 23:20:40,HMM,DEAL-005
SEI-air-20230928-001,2023-09-28 23:39:14,SZK,DEAL-003
HNL-road-20231002-001,2023-10-03 07:19:24,STM,DEAL-001
NPL-sea-20231003-001,2023-10-04 02:02:24,STM,DEAL-001
HNT-road-20231001-001,2023-10-02 04:37:07,SZK,DEAL-008
HNL-road-20231011-001,2023-10-12 04:53:07,SZK,DEAL-008
HNT-sea-20231011-001,2023-10-12 00:26:02,SZK,DEAL-003
NPL-air-20231011-001,2023-10-12 05:49:02,SZK,DEAL-003
HNL-sea-20231003-001,2023-10-04 02:20:11,HTB,DEAL-002
YML-air-20231007-001,2023-10-07 22:41:40,KMM,DEAL-004
SEI-sea-20231015-001,2023-10-15 22:34:40,KMM,DEAL-004
SEI-road-20231006-001,2023-10-06 20:27:40,KMM,DEAL-004
YML-air-20231009-001,2023-10-10 03:12:01,HMM,DEAL-005
HNL-road-20231014-001,2023-10-14 20:49:13,HTB,DEAL-007
HNL-air-20231008-001,2023-10-08 22:51:13,HTB,DEAL-007
NPL-air-20231012-001,2023-10-12 23:23:13,HTB,DEAL-007
YML-air-20231014-001,2023-10-15 02:20:16,STM,DEAL-001
YML-sea-20231015-001,2023-10-16 02:51:16,STM,DEAL-001
SEI-sea-20231016-001,2023-10-17 03:08:16,STM,DEAL-001
HNL-road-20231101-001,2023-11-02 04:45:44,KMM,DEAL-004
SEI-sea-20231015-002,2023-10-16 02:57:44,KMM,DEAL-004
HNT-air-20231024-001,2023-10-24 19:12:09,HTB,DEAL-002
YML-air-20231023-001,2023-10-24 01:26:50,SZK,DEAL-003
SEI-sea-20231015-003,2023-10-15 21:18:31,HMM,DEAL-005
HNT-air-20231024-002,2023-10-25 00:53:10,STM,DEAL-006
HNL-air-20231025-001,2023-10-25 19:13:10,STM,DEAL-006
YML-road-20231025-001,2023-10-26 08:00:13,HTB,DEAL-002
SEI-road-20231024-001,2023-10-25 02:44:13,HTB,DEAL-002
NPL-sea-20231023-001,2023-10-24 01:49:41,HMM,DEAL-005
YML-sea-20231027-001,2023-10-28 01:34:41,HMM,DEAL-005
SEI-road-20231022-001,2023-10-23 02:10:41,HMM,DEAL-005
HNL-air-20231103-001,2023-11-04 02:23:41,KMM,DEAL-004
HNT-air-20231027-001,2023-10-28 05:42:35,STM,DEAL-001
NPL-sea-20231109-001,2023-11-10 03:08:33,SZK,DEAL-003
HNL-air-20231031-001,2023-10-31 21:49:36,HMM,DEAL-005
SEI-road-20231105-001,2023-11-05 17:50:54,HTB,DEAL-002
HNT-road-20231031-001,2023-11-01 09:40:29,KMM,DEAL-004
HNL-sea-20231101-001,2023-11-02 04:41:29,KMM,DEAL-004
YML-road-20231101-001,2023-11-02 08:56:29,KMM,DEAL-004
HNT-sea-20231103-001,2023-11-04 08:16:18,SZK,DEAL-003
YML-road-20231115-001,2023-11-16 01:02:18,SZK,DEAL-003
SEI-sea-20231112-001,2023-11-13 03:34:18,SZK,DEAL-003
SEI-road-20231109-001,2023-11-10 10:13:16,STM,DEAL-001
SEI-air-20231102-001,2023-11-03 06:23:16,STM,DEAL-001
HNL-road-20231114-001,2023-11-15 07:54:31,KMM,DEAL-004
NPL-sea-20231114-001,2023-11-15 02:12:31,KMM,DEAL-004
YML-road-20231111-001,2023-11-12 02:55:09,HMM,DEAL-005
NPL-air-20231119-001,2023-11-19 19:05:21,SZK,DEAL-003
NPL-sea-20231113-001,2023-11-13 23:22:11,HTB,DEAL-002
YML-air-20231118-001,2023-11-19 03:57:50,SZK,DEAL-003
NPL-road-20231114-001,2023-11-15 06:56:17,STM,DEAL-001
YML-sea-20231119-001,2023-11-20 05:28:57,SZK,DEAL-008
YML-air-20231120-001,2023-11-21 08:45:36,HTB,DEAL-002
HNL-air-20231119-001,2023-11-20 04:05:33,KMM,DEAL-004
NPL-sea-20231120-001,2023-11-21 03:50:05,HMM,DEAL-005
HNT-sea-20231117-001,2023-11-17 20:10:05,HMM,DEAL-005
HNL-sea-20231117-001,2023-11-17 23:11:05,HMM,DEAL-005
HNL-road-20231128-001,2023-11-28 18:21:55,HTB,DEAL-007
YML-sea-20231125-001,2023-11-26 04:52:55,STM,DEAL-001
SEI-air-20231123-001,2023-11-24 07:10:55,STM,DEAL-001
NPL-air-20231120-001,2023-11-21 02:11:55,STM,DEAL-001
HNL-air-20231120-001,2023-11-21 09:50:32,HTB,DEAL-002
SEI-air-20231123-002,2023-11-24 07:20:32,HTB,DEAL-002
SEI-air-20231130-001,2023-12-01 02:45:00,HMM,DEAL-005
YML-sea-20231129-001,2023-11-29 21:49:38,SZK,DEAL-003
SEI-air-20231202-001,2023-12-03 05:59:38,SZK,DEAL-003
SEI-road-20231129-001,2023-11-30 07:38:45,STM,DEAL-001
SEI-road-20231127-001,2023-11-28 04:32:45,STM,DEAL-001
SEI-road-20231125-001,2023-11-26 02:27:26,KMM,DEAL-004
HNL-air-20231127-001,2023-11-27 20:27:37,STM,DEAL-006
HNT-air-20231203-001,2023-12-04 00:06:37,STM,DEAL-006
HNL-sea-20231127-001,2023-11-28 00:23:10,HMM,DEAL-005
HNL-road-20231127-001,2023-11-28 01:01:05,HTB,DEAL-002
HNL-road-20231130-001,2023-12-01 08:55:51,SZK,DEAL-003
YML-road-20231210-001,2023-12-11 04:07:51,STM,DEAL-001
NPL-air-20231207-001,2023-12-08 07:39:08,HTB,DEAL-002
HNT-sea-20231205-001,2023-12-05 23:02:15,KMM,DEAL-004
YML-road-20231206-001,2023-12-06 23:02:20,HMM,DEAL-005
HNL-road-20231209-001,2023-12-10 01:34:04,SZK,DEAL-003
NPL-air-20231213-001,2023-12-13 21:40:04,SZK,DEAL-003
HNL-air-20231213-001,2023-12-14 01:13:30,STM,DEAL-001
SEI-air-20231213-001,2023-12-13 22:22:42,HMM,DEAL-005
NPL-sea-20231218-001,2023-12-19 02:29:50,HTB,DEAL-002
SEI-air-20231222-001,2023-12-23 09:27:27,STM,DEAL-001
SEI-air-20231221-001,2023-12-22 01:48:40,SZK,DEAL-003
NPL-sea-20231226-001,2023-12-27 01:51:40,SZK,DEAL-003
YML-air-20231220-001,2023-12-21 07:19:40,SZK,DEAL-003
HNL-sea-20231218-001,2023-12-19 03:04:12,KMM,DEAL-004
YML-sea-20231218-001,2023-12-19 06:55:48,HTB,DEAL-002
HNL-road-20231224-001,2023-12-25 06:22:48,HTB,DEAL-002
YML-road-20231219-001,2023-12-19 23:48:48,HTB,DEAL-002
NPL-road-20231221-001,2023-12-22 02:04:58,HMM,DEAL-005
NPL-sea-20231226-002,2023-12-27 03:15:27,SZK,DEAL-003
HNT-sea-20240107-001,2024-01-08 02:51:09,SZK,DEAL-008
HNT-sea-20240101-001,2024-01-01 23:34:09,SZK,DEAL-008
YML-sea-20240102-001,2024-01-03 08:04:14,STM,DEAL-001
HNL-road-20240109-001,2024-01-10 02:25:54,KMM,DEAL-004
NPL-sea-20231230-001,2023-12-31 02:21:54,KMM,DEAL-004
HNL-air-20240103-001,2024-01-04 00:09:17,HTB,DEAL-002
HNL-air-20240103-002,2024-01-03 21:28:09,HMM,DEAL-005
YML-air-20240103-001,2024-01-04 01:27:09,HMM,DEAL-005
HNL-air-20240102-001,2024-01-03 08:29:03,SZK,DEAL-003
SEI-road-20240105-001,2024-01-06 00:52:03,SZK,DEAL-003
YML-road-20240108-001,2024-01-09 06:25:03,SZK,DEAL-003
NPL-sea-20240101-001,2024-01-02 07:02:24,STM,DEAL-006
YML-air-20240108-001,2024-01-09 02:03:13,HTB,DEAL-007
YML-sea-20240106-001,2024-01-07 04:43:13,HTB,DEAL-007
HNL-air-20240106-001,2024-01-07 02:45:13,HTB,DEAL-007
HNL-air-20240113-001,2024-01-14 03:40:03,STM,DEAL-001
YML-road-20240113-001,2024-01-14 02:07:49,KMM,DEAL-004
HNL-air-20240116-001,2024-01-17 02:34:49,KMM,DEAL-004
HNL-sea-20240118-001,2024-01-18 21:50:49,KMM,DEAL-004
YML-air-20240114-001,2024-01-14 23:25:54,HTB,DEAL-002
SEI-road-20240109-001,2024-01-10 02:31:54,HTB,DEAL-002
HNL-air-20240107-001,2024-01-08 03:54:54,HTB,DEAL-002
NPL-road-20240107-001,2024-01-08 05:49:40,HMM,DEAL-005
HNL-air-20240124-001,2024-01-25 09:34:20,KMM,DEAL-004
YML-air-20240118-001,2024-01-19 02:35:20,KMM,DEAL-004
SEI-sea-20240125-001,2024-01-26 02:29:20,KMM,DEAL-004
YML-road-20240119-001,2024-01-20 01:42:13,STM,DEAL-001
NPL-air-20240124-001,2024-01-24 18:51:15,SZK,DEAL-003
NPL-air-20240123-001,2024-01-23 21:24:00,HMM,DEAL-005
HNT-road-20240120-001,2024-01-21 02:32:00,HMM,DEAL-005
YML-air-20240119-001,2024-01-19 22:57:45,HTB,DEAL-002
YML-sea-20240126-001,2024-01-26 18:21:46,SZK,DEAL-003
NPL-air-20240121-001,2024-01-21 18:32:46,SZK,DEAL-003
HNT-road-20240131-001,2024-01-31 21:29:23,KMM,DEAL-004
SEI-road-20240124-001,2024-01-24 22:22:23,KMM,DEAL-004
YML-air-20240126-001,2024-01-26 17:32:23,KMM,DEAL-004
HNT-air-20240128-001,2024-01-29 01:13:51,STM,DEAL-001
SEI-road-20240126-001,2024-01-26 22:17:51,STM,DEAL-001
SEI-air-20240126-001,2024-01-27 04:02:51,STM,DEAL-001
HNT-road-20240206-001,2024-02-07 00:05:38,HMM,DEAL-005
NPL-road-20240205-001,2024-02-05 21:56:38,HMM,DEAL-005
HNT-air-20240204-001,2024-02-05 01:14:22,SZK,DEAL-003
SEI-road-20240212-001,2024-02-13 05:38:22,SZK,DEAL-003
SEI-road-20240130-001,2024-01-31 00:51:13,HTB,DEAL-002
SEI-sea-20240130-001,2024-01-31 06:52:13,HTB,DEAL-002
YML-air-20240129-001,2024-01-30 00:28:13,HTB,DEAL-002
SEI-sea-20240204-001,2024-02-04 19:43:50,STM,DEAL-001
HNL-air-20240201-001,2024-02-01 16:16:50,STM,DEAL-001
NPL-air-20240201-001,2024-02-01 20:36:50,STM,DEAL-001
SEI-road-20240204-001,2024-02-04 22:35:17,KMM,DEAL-004
HNL-air-20240201-002,2024-02-01 22:26:17,KMM,DEAL-004
HNT-air-20240209-001,2024-02-10 03:07:17,KMM,DEAL-004
SEI-air-20240201-001,2024-02-02 04:05:04,HMM,DEAL-005
YML-road-20240207-001,2024-02-08 05:37:04,HMM,DEAL-005
HNL-sea-20240218-001,2024-02-19 03:58:01,SZK,DEAL-003
HNT-road-20240210-001,2024-02-11 06:29:05,SZK,DEAL-008
HNT-air-20240206-001,2024-02-07 06:38:05,SZK,DEAL-008
NPL-air-20240213-001,2024-02-13 23:20:27,STM,DEAL-001
HNL-air-20240210-001,2024-02-10 21:26:00,KMM,DEAL-004
YML-sea-20240212-001,2024-02-12 20:51:28,HTB,DEAL-002
YML-road-20240215-001,2024-02-16 00:28:28,HTB,DEAL-002
NPL-sea-20240215-001,2024-02-15 20:08:31,HMM,DEAL-005
HNT-sea-20240214-001,2024-02-15 03:40:31,HMM,DEAL-005
NPL-sea-20240218-001,2024-02-19 00:26:06,STM,DEAL-001
SEI-air-20240221-001,2024-02-22 04:07:37,SZK,DEAL-003
NPL-road-20240213-001,2024-02-14 04:28:37,SZK,DEAL-003
YML-road-20240222-001,2024-02-23 06:11:37,SZK,DEAL-003
YML-air-20240217-001,2024-02-18 05:06:16,STM,DEAL-006
NPL-road-20240218-001,2024-02-19 03:31:16,STM,DEAL-006
NPL-road-20240223-001,2024-02-23 23:51:23,HTB,DEAL-007
NPL-air-20240215-001,2024-02-16 01:34:23,HTB,DEAL-007
HNL-road-20240224-001,2024-02-25 00:25:46,HTB,DEAL-002
NPL-road-20240302-001,2024-03-02 23:32:39,KMM,DEAL-004
SEI-sea-20240229-001,2024-03-01 02:24:58,STM,DEAL-001
YML-sea-20240226-001,2024-02-26 21:22:58,STM,DEAL-001
NPL-air-20240223-001,2024-02-24 06:00:19,HMM,DEAL-005
SEI-air-20240302-001,2024-03-03 01:01:17,SZK,DEAL-003
YML-road-20240302-001,2024-03-03 07:20:17,SZK,DEAL-003
HNL-road-20240226-001,2024-02-27 02:18:59,KMM,DEAL-004
SEI-sea-20240301-001,2024-03-02 09:05:19,HTB,DEAL-002
HNT-sea-20240314-001,2024-03-15 05:01:09,SZK,DEAL-003
SEI-air-20240304-001,2024-03-05 07:05:32,HMM,DEAL-005
YML-air-20240307-001,2024-03-07 16:59:27,SZK,DEAL-008
NPL-air-20240304-001,2024-03-04 20:06:27,SZK,DEAL-008
YML-road-20240306-001,2024-03-06 18:59:27,SZK,DEAL-008
HNT-sea-20240304-001,2024-03-05 01:39:52,STM,DEAL-001
YML-road-20240319-001,2024-03-19 16:47:30,KMM,DEAL-004
NPL-air-20240310-001,2024-03-10 21:19:30,KMM,DEAL-004
NPL-road-20240303-001,2024-03-03 17:51:30,KMM,DEAL-004
YML-sea-20240319-001,2024-03-19 22:07:22,HMM,DEAL-005
HNT-sea-20240315-001,2024-03-15 21:25:07,HTB,DEAL-002
NPL-road-20240318-001,2024-03-18 21:15:07,HTB,DEAL-002
HNL-air-20240314-001,2024-03-14 21:13:07,HTB,DEAL-002
NPL-air-20240316-001,2024-03-16 19:36:12,SZK,DEAL-003
SEI-air-20240314-001,2024-03-14 22:18:24,KMM,DEAL-004
NPL-sea-20240326-001,2024-03-26 22:23:48,STM,DEAL-001
HNL-air-20240320-001,2024-03-21 02:36:37,HTB,DEAL-002
NPL-road-20240320-001,2024-03-21 03:49:37,HTB,DEAL-002
NPL-sea-20240320-001,2024-03-21 09:42:37,HTB,DEAL-002
HNL-air-20240325-001,2024-03-26 03:53:44,HMM,DEAL-005
HNT-air-20240327-001,2024-03-28 08:48:48,STM,DEAL-001
YML-air-20240321-001,2024-03-21 23:07:37,KMM,DEAL-004
SEI-air-20240328-001,2024-03-29 00:49:37,KMM,DEAL-004
YML-sea-20240326-001,2024-03-27 02:40:41,SZK,DEAL-003
HNL-air-20240330-001,2024-03-30 21:05:59,HTB,DEAL-002
YML-air-20240328-001,2024-03-28 22:01:59,HTB,DEAL-002
HNT-sea-20240405-001,2024-04-05 22:23:36,HMM,DEAL-005
HNT-sea-20240328-001,2024-03-29 04:47:57,SZK,DEAL-003
HNL-sea-20240329-001,2024-03-30 01:33:57,SZK,DEAL-003
NPL-air-20240329-001,2024-03-30 03:34:57,SZK,DEAL-003
NPL-sea-20240409-001,2024-04-10 02:35:57,STM,DEAL-001
HNT-sea-20240401-001,2024-04-02 00:59:55,KMM,DEAL-004
YML-road-20240405-001,2024-04-06 04:03:55,KMM,DEAL-004
NPL-air-20240412-001,2024-04-13 09:19:55,KMM,DEAL-004
NPL-sea-20240405-001,2024-04-06 02:08:15,STM,DEAL-006
NPL-air-20240410-001,2024-04-10 20:10:09,HTB,DEAL-007
NPL-road-20240406-001,2024-04-07 02:26:49,HTB,DEAL-002
HNL-air-20240409-001,2024-04-10 02:57:49,HTB,DEAL-002
HNL-sea-20240410-001,2024-04-10 20:00:49,HTB,DEAL-002
HNL-sea-20240414-001,2024-04-15 06:19:08,STM,DEAL-001
NPL-sea-20240409-002,2024-04-10 04:42:08,STM,DEAL-001
SEI-sea-20240409-001,2024-04-09 23:58:13,HMM,DEAL-005
NPL-air-20240419-001,2024-04-19 19:06:58,SZK,DEAL-003
YML-air-20240416-001,2024-04-16 19:17:29,HTB,DEAL-002
HNL-road-20240410-001,2024-04-10 16:44:29,HTB,DEAL-002
SEI-air-20240421-001,2024-04-22 00:50:36,KMM,DEAL-004
YML-air-20240412-001,2024-04-12 21:33:36,KMM,DEAL-004
NPL-air-20240420-001,2024-04-20 20:20:37,STM,DEAL-001
HNL-road-20240417-001,2024-04-18 00:43:40,HMM,DEAL-005
NPL-sea-20240417-001,2024-04-18 08:57:40,HMM,DEAL-005
SEI-air-20240421-002,2024-04-22 02:36:40,HMM,DEAL-005
YML-road-20240501-001,2024-05-02 03:08:59,SZK,DEAL-008
NPL-air-20240501-001,2024-05-01 19:28:59,SZK,DEAL-008
SEI-sea-20240421-001,2024-04-21 22:35:59,SZK,DEAL-008
YML-road-20240505-001,2024-05-05 22:26:15,SZK,DEAL-003
HNT-road-20240503-001,2024-05-03 20:22:15,SZK,DEAL-003
HNT-sea-20240430-001,2024-05-01 00:08:15,SZK,DEAL-003
YML-road-20240425-001,2024-04-25 21:33:27,STM,DEAL-001
HNT-sea-20240504-001,2024-05-04 21:51:27,STM,DEAL-001
NPL-road-20240425-001,2024-04-25 23:14:17,KMM,DEAL-004
SEI-sea-20240428-001,2024-04-29 04:58:09,HTB,DEAL-002
SEI-air-20240427-001,2024-04-27 23:13:38,HMM,DEAL-005
SEI-road-20240508-001,2024-05-09 01:59:39,SZK,DEAL-003
HNT-road-20240507-001,2024-05-08 02:29:09,STM,DEAL-001
HNL-sea-20240517-001,2024-05-17 22:10:15,KMM,DEAL-004
HNT-air-20240501-001,2024-05-01 22:49:27,HTB,DEAL-002
SEI-road-20240501-001,2024-05-01 19:54:27,HTB,DEAL-002
SEI-air-20240503-001,2024-05-03 21:43:27,HTB,DEAL-002
SEI-sea-20240506-001,2024-05-07 02:58:47,HMM,DEAL-005
YML-road-20240502-001,2024-05-03 01:04:47,HMM,DEAL-005
NPL-sea-20240507-001,2024-05-08 08:01:47,HMM,DEAL-005
HNL-road-20240511-001,2024-05-12 08:04:04,HTB,DEAL-002
NPL-air-20240514-001,2024-05-15 03:51:04,HTB,DEAL-002
YML-sea-20240513-001,2024-05-14 00:30:11,HMM,DEAL-005
SEI-road-20240514-001,2024-05-14 19:27:10,STM,DEAL-001
HNL-sea-20240512-001,2024-05-13 00:29:19,SZK,DEAL-003
HNT-air-20240517-001,2024-05-18 02:13:33,KMM,DEAL-004
NPL-air-20240516-001,2024-05-16 21:14:11,STM,DEAL-006
SEI-sea-20240516-001,2024-05-17 01:37:11,STM,DEAL-006
HNL-air-20240520-001,2024-05-21 02:18:11,STM,DEAL-006
HNL-road-20240522-001,2024-05-22 19:11:25,HTB,DEAL-007
YML-sea-20240529-001,2024-05-30 00:00:53,SZK,DEAL-008
NPL-air-20240522-001,2024-05-22 21:57:53,SZK,DEAL-008
YML-air-20240520-001,2024-05-21 06:14:13,STM,DEAL-001
NPL-road-20240516-001,2024-05-16 20:48:30,SZK,DEAL-003
NPL-sea-20240518-001,2024-05-18 22:23:06,HMM,DEAL-005
NPL-road-20240520-001,2024-05-20 21:26:54,HTB,DEAL-002
HNT-road-20240523-001,2024-05-23 18:57:54,HTB,DEAL-002
HNT-road-20240522-001,2024-05-22 23:51:06,KMM,DEAL-004
SEI-sea-20240523-001,2024-05-24 03:09:04,HMM,DEAL-005
YML-road-20240529-001,2024-05-30 06:53:03,STM,DEAL-001
NPL-air-20240528-001,2024-05-29 05:52:03,STM,DEAL-001
HNL-air-20240603-001,2024-06-04 02:39:31,HTB,DEAL-002
NPL-air-20240609-001,2024-06-10 03:39:13,SZK,DEAL-003
HNT-sea-20240604-001,2024-06-05 01:12:13,SZK,DEAL-003
HNT-air-20240530-001,2024-05-31 00:09:03,HTB,DEAL-002
SEI-air-20240604-001,2024-06-04 19:22:03,HTB,DEAL-002
HNL-air-20240602-001,2024-06-02 23:06:03,HTB,DEAL-002
HNL-sea-20240604-001,2024-06-05 00:05:06,KMM,DEAL-004
NPL-air-20240608-001,2024-06-09 00:13:06,KMM,DEAL-004
YML-air-20240605-001,2024-06-05 22:46:06,KMM,DEAL-004
SEI-air-20240605-001,2024-06-06 00:37:10,HMM,DEAL-005
NPL-air-20240604-001,2024-06-05 04:20:10,HMM,DEAL-005
YML-air-20240603-001,2024-06-04 03:10:09,STM,DEAL-001
HNL-sea-20240605-001,2024-06-06 00:21:11,SZK,DEAL-003
SEI-air-20240609-001,2024-06-10 02:34:30,HTB,DEAL-002
SEI-sea-20240607-001,2024-06-07 23:10:30,HTB,DEAL-002
HNT-sea-20240616-001,2024-06-17 08:12:17,SZK,DEAL-003
HNL-sea-20240612-001,2024-06-13 09:08:17,SZK,DEAL-003
HNL-road-20240611-001,2024-06-12 08:59:07,HTB,DEAL-002
NPL-air-20240616-001,2024-06-17 09:20:07,HTB,DEAL-002
YML-sea-20240618-002,2024-06-18 20:30:23,KMM,DEAL-004
NPL-sea-20240617-001,2024-06-18 05:14:14,STM,DEAL-001
SEI-sea-20240618-001,2024-06-19 04:48:33,HMM,DEAL-005
HNT-sea-20240630-001,2024-06-30 20:31:18,SZK,DEAL-003
SEI-road-20240624-001,2024-06-25 02:54:18,SZK,DEAL-003
YML-air-20240628-001,2024-06-28 19:11:18,SZK,DEAL-003
YML-sea-20240618-003,2024-06-19 05:02:58,HTB,DEAL-002
SEI-road-20240618-001,2024-06-18 22:02:18,STM,DEAL-001
NPL-road-20240621-001,2024-06-21 21:34:18,STM,DEAL-001
HNL-air-20240702-001,2024-07-02 23:39:32,KMM,DEAL-004
SEI-road-20240703-001,2024-07-04 07:59:31,HMM,DEAL-005
HNL-road-20240701-001,2024-07-01 22:36:07,SZK,DEAL-003
NPL-air-20240706-001,2024-07-07 03:44:02,KMM,DEAL-004
HNT-sea-20240629-001,2024-06-29 19:22:14,HTB,DEAL-002
NPL-road-20240705-001,2024-07-05 23:18:43,STM,DEAL-001
HNL-road-20240705-001,2024-07-06 00:58:22,STM,DEAL-006
SEI-road-20240709-001,2024-07-10 02:24:33,HTB,DEAL-007
HNT-air-20240707-001,2024-07-08 03:08:33,HTB,DEAL-007
YML-road-20240703-001,2024-07-03 23:44:35,SZK,DEAL-008
NPL-road-20240705-002,2024-07-06 00:46:14,SZK,DEAL-003
SEI-road-20240704-001,2024-07-04 21:15:14,SZK,DEAL-003
YML-sea-20240708-001,2024-07-08 20:59:36,KMM,DEAL-004
NPL-road-20240710-001,2024-07-11 04:26:22,HMM,DEAL-005
HNT-sea-20240712-001,2024-07-13 03:52:22,HMM,DEAL-005
HNT-sea-20240707-001,2024-07-08 04:32:22,HMM,DEAL-005
SEI-sea-20240708-001,2024-07-08 23:53:55,HTB,DEAL-002
HNL-sea-20240713-001,2024-07-14 02:13:55,HTB,DEAL-002
YML-air-20240709-001,2024-07-10 02:02:55,HTB,DEAL-002
HNT-road-20240718-001,2024-07-19 07:32:35,HMM,DEAL-005
NPL-air-20240718-001,2024-07-19 06:09:15,STM,DEAL-001
HNL-sea-20240719-001,2024-07-20 04:29:15,STM,DEAL-001
NPL-sea-20240726-001,2024-07-27 02:52:26,KMM,DEAL-004
SEI-air-20240728-001,2024-07-29 01:45:39,SZK,DEAL-003
NPL-road-20240724-001,2024-07-25 07:03:35,HMM,DEAL-005
YML-road-20240720-001,2024-07-21 04:04:45,HTB,DEAL-002
HNT-sea-20240722-001,2024-07-23 09:34:45,HTB,DEAL-002
YML-road-20240806-001,2024-08-06 22:29:46,SZK,DEAL-003
HNL-sea-20240721-001,2024-07-22 02:38:46,SZK,DEAL-003
YML-sea-20240725-001,2024-07-26 06:00:36,STM,DEAL-001
NPL-air-20240727-001,2024-07-28 06:12:11,KMM,DEAL-004
HNT-air-20240729-001,2024-07-30 06:32:11,KMM,DEAL-004
HNL-air-20240806-001,2024-08-07 03:03:11,KMM,DEAL-004
HNL-air-20240728-001,2024-07-29 03:18:05,HMM,DEAL-005
HNT-road-20240725-001,2024-07-26 04:12:05,HMM,DEAL-005
SEI-sea-20240731-001,2024-08-01 01:11:05,HMM,DEAL-005
SEI-air-20240808-001,2024-08-08 19:36:48,SZK,DEAL-003
NPL-road-20240728-001,2024-07-29 03:09:48,SZK,DEAL-003
HNL-sea-20240805-001,2024-08-06 02:54:48,SZK,DEAL-003
YML-air-20240731-001,2024-08-01 03:35:08,HTB,DEAL-002
HNL-air-20240731-001,2024-08-01 05:54:22,KMM,DEAL-004
HNL-road-20240810-001,2024-08-11 00:52:30,HMM,DEAL-005
HNT-air-20240807-001,2024-08-07 22:20:02,STM,DEAL-001
NPL-air-20240809-001,2024-08-10 02:22:37,HMM,DEAL-005
HNL-sea-20240805-002,2024-08-06 07:09:37,HMM,DEAL-005
YML-air-20240808-001,2024-08-09 01:31:37,HMM,DEAL-005
NPL-road-20240807-001,2024-08-07 20:01:50,KMM,DEAL-004
HNT-sea-20240816-001,2024-08-17 03:23:15,STM,DEAL-001
NPL-road-20240813-001,2024-08-13 23:51:15,STM,DEAL-001
HNT-air-20240809-001,2024-08-10 08:08:38,SZK,DEAL-003
HNL-sea-20240813-001,2024-08-13 23:31:09,HTB,DEAL-002
HNT-road-20240816-001,2024-08-17 05:14:21,KMM,DEAL-004
YML-sea-20240816-001,2024-08-17 02:29:21,KMM,DEAL-004
HNL-air-20240812-001,2024-08-13 03:42:38,HMM,DEAL-005
HNT-sea-20240818-001,2024-08-19 05:25:59,STM,DEAL-001
YML-air-20240819-001,2024-08-19 23:21:07,STM,DEAL-006
NPL-sea-20240816-001,2024-08-16 18:44:07,STM,DEAL-006
HNL-air-20240821-001,2024-08-22 04:15:44,HTB,DEAL-007
SEI-sea-20240820-001,2024-08-21 00:45:44,HTB,DEAL-007
HNL-air-20240820-001,2024-08-21 04:41:35,SZK,DEAL-008
YML-sea-20240821-001,2024-08-21 23:33:16,HTB,DEAL-002
NPL-sea-20240821-001,2024-08-22 04:35:16,HTB,DEAL-002
NPL-sea-20240822-001,2024-08-23 03:51:16,HTB,DEAL-002
YML-road-20240823-001,2024-08-24 03:32:57,SZK,DEAL-003
HNL-air-20240829-001,2024-08-30 00:59:57,SZK,DEAL-003
HNL-road-20240824-001,2024-08-24 23:17:05,STM,DEAL-001
HNL-road-20240826-001,2024-08-26 18:36:05,STM,DEAL-001
HNL-air-20240821-002,2024-08-21 23:43:05,STM,DEAL-001
HNL-air-20240821-003,2024-08-21 23:15:26,KMM,DEAL-004
NPL-air-20240828-001,2024-08-28 22:21:26,KMM,DEAL-004
HNL-air-20240827-001,2024-08-28 01:29:44,HMM,DEAL-005
NPL-road-20240825-001,2024-08-26 05:41:44,HMM,DEAL-005
SEI-sea-20240829-001,2024-08-29 17:47:45,HTB,DEAL-002
HNT-road-20240825-001,2024-08-26 01:00:45,HTB,DEAL-002
NPL-air-20240829-001,2024-08-30 02:33:18,SZK,DEAL-003
NPL-air-20240831-001,2024-09-01 05:38:18,SZK,DEAL-003
YML-sea-20240829-001,2024-08-30 06:26:18,SZK,DEAL-003
HNL-road-20240831-001,2024-09-01 07:31:19,STM,DEAL-001
SEI-air-20240912-001,2024-09-13 02:28:57,KMM,DEAL-004
HNT-sea-20240904-001,2024-09-05 00:09:57,KMM,DEAL-004
HNT-sea-20240831-001,2024-09-01 01:06:53,HTB,DEAL-002
NPL-air-20240904-001,2024-09-04 23:10:53,HTB,DEAL-002
YML-air-20240910-001,2024-09-11 04:27:31,HMM,DEAL-005
SEI-road-20240911-001,2024-09-12 01:27:28,SZK,DEAL-003
NPL-road-20240906-001,2024-09-06 22:29:28,SZK,DEAL-003
SEI-air-20240910-001,2024-09-11 00:12:38,KMM,DEAL-004
HNT-air-20240918-001,2024-09-18 22:47:38,KMM,DEAL-004
SEI-road-20240912-001,2024-09-12 21:55:10,STM,DEAL-001
NPL-road-20240918-001,2024-09-18 21:20:10,STM,DEAL-001
SEI-road-20240913-001,2024-09-14 00:02:47,HMM,DEAL-005
SEI-sea-20240917-001,2024-09-17 22:58:47,HMM,DEAL-005
HNL-road-20240910-001,2024-09-11 01:13:47,HMM,DEAL-005
HNT-sea-20240916-001,2024-09-17 02:01:19,HTB,DEAL-002
HNL-road-20240914-001,2024-09-14 19:00:35,SZK,DEAL-003
YML-air-20240920-001,2024-09-20 18:11:35,SZK,DEAL-003
HNL-road-20240917-001,2024-09-18 04:14:20,STM,DEAL-006
YML-air-20240917-001,2024-09-18 01:31:20,STM,DEAL-006
YML-road-20240923-001,2024-09-24 02:42:06,SZK,DEAL-008
HNL-road-20240924-001,2024-09-25 02:18:06,SZK,DEAL-008
HNL-sea-20240916-001,2024-09-16 23:34:29,KMM,DEAL-004
HNL-sea-20240921-001,2024-09-22 01:01:11,STM,DEAL-001
YML-road-20240918-001,2024-09-18 21:52:57,SZK,DEAL-003
YML-air-20240923-001,2024-09-23 23:05:57,SZK,DEAL-003
NPL-sea-20240927-001,2024-09-28 03:22:05,HMM,DEAL-005
HNT-air-20240926-001,2024-09-26 23:29:05,HMM,DEAL-005
HNT-road-20240924-001,2024-09-25 05:27:30,HTB,DEAL-002
NPL-road-20241003-001,2024-10-03 23:27:19,KMM,DEAL-004
HNT-sea-20240930-001,2024-09-30 23:47:01,SZK,DEAL-003
YML-air-20240929-001,2024-09-29 16:47:01,SZK,DEAL-003
NPL-air-20240929-001,2024-09-29 19:41:01,SZK,DEAL-003
HNT-air-20240927-001,2024-09-27 21:03:47,HTB,DEAL-002
YML-sea-20241005-001,2024-10-06 03:50:09,HMM,DEAL-005
HNT-air-20241008-001,2024-10-09 03:13:12,STM,DEAL-001
HNL-road-20241005-001,2024-10-05 17:57:56,HTB,DEAL-007
YML-sea-20241001-001,2024-10-01 18:51:56,HTB,DEAL-007
NPL-road-20241007-001,2024-10-07 22:23:56,HTB,DEAL-007
HNL-sea-20241003-001,2024-10-03 22:53:08,KMM,DEAL-004
YML-sea-20241017-001,2024-10-18 01:47:47,SZK,DEAL-003
HNL-sea-20241017-001,2024-10-18 01:34:47,SZK,DEAL-003
HNL-air-20241013-001,2024-10-14 01:31:54,HTB,DEAL-002
HNL-road-20241011-001,2024-10-12 04:12:54,HTB,DEAL-002
SEI-road-20241008-001,2024-10-08 20:18:19,HMM,DEAL-005
NPL-road-20241021-001,2024-10-21 22:10:25,STM,DEAL-001
NPL-air-20241015-001,2024-10-16 04:48:25,STM,DEAL-001
YML-road-20241023-001,2024-10-24 04:32:25,STM,DEAL-001
HNT-road-20241015-001,2024-10-16 08:00:09,HTB,DEAL-002
NPL-air-20241015-002,2024-10-16 02:44:09,HTB,DEAL-002
YML-road-20241026-001,2024-10-27 04:32:02,KMM,DEAL-004
HNL-road-20241024-001,2024-10-25 01:46:02,KMM,DEAL-004
HNL-air-20241018-001,2024-10-19 03:36:02,KMM,DEAL-004
NPL-road-20241020-001,2024-10-20 22:52:52,STM,DEAL-001
HNL-air-20241028-001,2024-10-29 04:13:36,SZK,DEAL-003
HNT-sea-20241030-001,2024-10-31 02:21:36,SZK,DEAL-003
NPL-sea-20241029-001,2024-10-30 08:36:36,SZK,DEAL-003
SEI-sea-20241025-001,2024-10-25 22:33:17,HTB,DEAL-002
HNL-road-20241025-001,2024-10-26 01:33:17,HTB,DEAL-002
HNT-road-20241031-001,2024-10-31 21:06:44,HMM,DEAL-005
SEI-road-20241024-001,2024-10-24 17:27:44,HMM,DEAL-005
SEI-sea-20241025-002,2024-10-25 23:56:18,KMM,DEAL-004
SEI-air-20241102-001,2024-11-03 05:06:44,STM,DEAL-001
YML-road-20241105-001,2024-11-06 00:55:34,SZK,DEAL-003
HNT-sea-20241028-001,2024-10-29 02:15:36,HTB,DEAL-002
NPL-air-20241101-001,2024-11-01 22:14:14,HMM,DEAL-005
YML-air-20241102-001,2024-11-03 00:10:14,HMM,DEAL-005
NPL-air-20241109-001,2024-11-10 01:41:31,STM,DEAL-001
YML-sea-20241112-001,2024-11-13 01:09:31,STM,DEAL-001
NPL-road-20241111-001,2024-11-12 09:04:31,STM,DEAL-001
HNL-road-20241104-001,2024-11-05 02:42:03,SZK,DEAL-003
YML-road-20241105-002,2024-11-06 03:46:24,KMM,DEAL-004
HNL-air-20241108-001,2024-11-09 03:15:58,STM,DEAL-006
NPL-road-20241104-001,2024-11-04 20:22:58,STM,DEAL-006
HNL-road-20241103-001,2024-11-03 20:39:23,HTB,DEAL-007
YML-road-20241101-001,2024-11-02 00:13:23,HTB,DEAL-007
HNT-air-20241110-001,2024-11-10 23:45:23,HTB,DEAL-007
NPL-sea-20241101-001,2024-11-01 21:56:32,SZK,DEAL-008
YML-air-20241103-001,2024-11-03 22:30:32,SZK,DEAL-008
NPL-air-20241107-001,2024-11-08 10:14:46,HMM,DEAL-005
NPL-air-20241107-002,2024-11-08 01:03:29,HTB,DEAL-002
SEI-sea-20241108-001,2024-11-09 07:29:29,HTB,DEAL-002
HNL-air-20241116-001,2024-11-17 08:45:28,SZK,DEAL-003
HNT-air-20241113-001,2024-11-14 03:43:04,STM,DEAL-001
YML-air-20241123-001,2024-11-24 00:08:34,HMM,DEAL-005
YML-air-20241118-001,2024-11-18 21:48:34,HMM,DEAL-005
YML-road-20241114-001,2024-11-14 21:08:34,HMM,DEAL-005
NPL-air-20241120-001,2024-11-21 06:34:16,KMM,DEAL-004
NPL-sea-20241113-001,2024-11-14 01:41:16,KMM,DEAL-004
YML-air-20241124-001,2024-11-25 03:58:16,KMM,DEAL-004
HNT-road-20241128-001,2024-11-28 17:14:39,HTB,DEAL-002
HNT-road-20241120-001,2024-11-20 18:17:39,HTB,DEAL-002
YML-air-20241125-001,2024-11-25 23:30:45,SZK,DEAL-003
NPL-air-20241129-001,2024-11-29 22:41:22,KMM,DEAL-004
SEI-sea-20241202-001,2024-12-03 06:03:22,KMM,DEAL-004
HNL-sea-20241130-001,2024-12-01 00:48:55,STM,DEAL-001
NPL-road-20241122-001,2024-11-22 18:19:26,HMM,DEAL-005
SEI-sea-20241124-001,2024-11-24 17:33:26,HMM,DEAL-005
NPL-road-20241126-001,2024-11-26 21:53:26,HMM,DEAL-005
HNT-sea-20241201-001,2024-12-01 23:25:57,STM,DEAL-001
HNT-sea-20241207-001,2024-12-08 04:58:19,SZK,DEAL-003
YML-road-20241203-001,2024-12-04 01:39:19,SZK,DEAL-003
HNL-air-20241204-001,2024-12-04 22:29:19,SZK,DEAL-003
SEI-air-20241128-001,2024-11-29 07:01:36,HTB,DEAL-002
HNT-road-20241204-001,2024-12-05 01:32:04,HMM,DEAL-005
SEI-sea-20241208-001,2024-12-09 01:54:42,KMM,DEAL-004
HNL-sea-20241207-001,2024-12-08 03:26:15,STM,DEAL-001
YML-sea-20241210-001,2024-12-10 20:41:21,HTB,DEAL-002
HNL-air-20241211-001,2024-12-12 02:51:30,HMM,DEAL-005
SEI-road-20241209-001,2024-12-10 01:49:30,HMM,DEAL-005
YML-air-20241216-001,2024-12-16 16:48:19,SZK,DEAL-003
NPL-sea-20241223-001,2024-12-24 00:11:19,SZK,DEAL-003
SEI-sea-20241215-001,2024-12-15 22:56:36,STM,DEAL-001
SEI-sea-20241221-001,2024-12-22 00:06:36,STM,DEAL-001
YML-road-20241219-001,2024-12-20 00:06:36,STM,DEAL-001
NPL-air-20241216-001,2024-12-17 04:40:59,HTB,DEAL-002
YML-road-20241212-001,2024-12-13 02:04:59,HTB,DEAL-002
HNL-road-20241226-001,2024-12-27 03:17:08,KMM,DEAL-004
NPL-sea-20241213-001,2024-12-13 19:56:08,KMM,DEAL-004
NPL-sea-20241224-001,2024-12-24 23:39:08,KMM,DEAL-004
YML-sea-20241221-001,2024-12-21 21:14:28,STM,DEAL-006
SEI-sea-20241217-001,2024-12-17 20:14:28,STM,DEAL-006
HNL-air-20241215-001,2024-12-16 03:17:58,HTB,DEAL-007
YML-air-20241226-001,2024-12-27 05:22:58,HTB,DEAL-007
HNL-air-20241223-001,2024-12-24 02:13:58,HTB,DEAL-007
SEI-air-20241227-001,2024-12-27 22:02:17,SZK,DEAL-008
HNL-road-20241225-001,2024-12-26 05:54:21,SZK,DEAL-003
SEI-air-20241228-001,2024-12-29 01:56:06,HMM,DEAL-005
YML-sea-20241218-001,2024-12-19 08:07:06,HMM,DEAL-005
SEI-road-20250102-001,2025-01-03 04:12:18,KMM,DEAL-004
SEI-road-20241230-001,2024-12-31 00:02:18,KMM,DEAL-004
SEI-road-20241229-001,2024-12-30 05:15:18,KMM,DEAL-004
HNL-air-20241222-001,2024-12-23 06:43:40,STM,DEAL-001
HNT-air-20241225-001,2024-12-26 07:33:09,HTB,DEAL-002
SEI-sea-20241231-001,2024-12-31 23:07:18,SZK,DEAL-003
SEI-road-20250107-001,2025-01-07 23:14:18,SZK,DEAL-003
YML-sea-20250101-001,2025-01-01 23:40:25,KMM,DEAL-004
YML-road-20250106-001,2025-01-06 20:56:25,KMM,DEAL-004
HNT-road-20250101-001,2025-01-02 07:49:33,HMM,DEAL-005
HNT-air-20250107-001,2025-01-08 09:14:33,HMM,DEAL-005
NPL-sea-20250108-001,2025-01-08 22:03:40,STM,DEAL-001
HNT-sea-20250108-001,2025-01-09 03:46:40,STM,DEAL-001
SEI-road-20250105-001,2025-01-05 23:35:38,HTB,DEAL-002
NPL-road-20250107-001,2025-01-08 00:13:38,HTB,DEAL-002
HNL-air-20250110-001,2025-01-10 22:19:14,KMM,DEAL-004
HNL-road-20250118-001,2025-01-19 02:47:45,SZK,DEAL-003
SEI-road-20250124-001,2025-01-25 00:18:45,SZK,DEAL-003
SEI-air-20250111-001,2025-01-11 21:11:47,HTB,DEAL-002
HNT-road-20250119-001,2025-01-20 00:51:35,HMM,DEAL-005
HNL-road-20250117-001,2025-01-18 00:00:35,HMM,DEAL-005
HNL-sea-20250116-001,2025-01-16 23:21:00,STM,DEAL-001
HNT-air-20250123-001,2025-01-23 18:01:24,KMM,DEAL-004
HNT-air-20250129-001,2025-01-30 03:44:14,SZK,DEAL-003
NPL-road-20250128-001,2025-01-28 23:48:14,SZK,DEAL-003
YML-road-20250120-001,2025-01-21 09:21:45,HTB,DEAL-002
HNT-air-20250124-001,2025-01-25 06:33:45,HTB,DEAL-002
HNL-sea-20250201-001,2025-02-01 23:01:40,KMM,DEAL-004
HNT-air-20250124-002,2025-01-25 03:35:13,STM,DEAL-001
SEI-road-20250121-001,2025-01-22 03:28:13,STM,DEAL-001
NPL-road-20250123-001,2025-01-23 19:33:13,STM,DEAL-001
YML-road-20250124-001,2025-01-25 00:58:01,HMM,DEAL-005
YML-road-20250125-001,2025-01-25 20:01:01,HMM,DEAL-005
SEI-air-20250203-001,2025-02-03 19:05:01,HMM,DEAL-005
SEI-sea-20250129-001,2025-01-29 22:35:28,STM,DEAL-001
SEI-air-20250127-001,2025-01-27 20:36:28,STM,DEAL-001
HNL-air-20250205-001,2025-02-05 17:25:29,HTB,DEAL-002
YML-road-20250207-001,2025-02-07 17:44:29,HTB,DEAL-002
NPL-sea-20250202-001,2025-02-02 20:08:28,KMM,DEAL-004
HNT-air-20250130-001,2025-01-30 19:42:28,KMM,DEAL-004
SEI-road-20250205-001,2025-02-06 00:51:34,SZK,DEAL-003
SEI-sea-20250206-001,2025-02-06 20:36:34,SZK,DEAL-003
SEI-air-20250205-001,2025-02-05 22:30:34,SZK,DEAL-003
YML-road-20250205-001,2025-02-05 23:06:23,HMM,DEAL-005
HNL-sea-20250205-001,2025-02-05 16:50:56,STM,DEAL-006
HNT-sea-20250207-001,2025-02-07 22:13:56,STM,DEAL-006
NPL-road-20250209-001,2025-02-09 20:54:25,HTB,DEAL-007
NPL-sea-20250208-001,2025-02-09 00:08:25,HTB,DEAL-007
SEI-sea-20250203-001,2025-02-03 21:44:25,HTB,DEAL-007
SEI-air-20250205-002,2025-02-06 07:02:13,SZK,DEAL-008
YML-road-20250217-001,2025-02-18 06:42:13,SZK,DEAL-008
NPL-road-20250207-001,2025-02-08 06:35:13,SZK,DEAL-008
SEI-road-20250207-001,2025-02-08 08:55:48,HTB,DEAL-002
HNT-road-20250213-001,2025-02-13 20:48:45,SZK,DEAL-003
YML-air-20250211-001,2025-02-11 23:34:27,STM,DEAL-001
HNL-air-20250209-001,2025-02-10 03:11:27,STM,DEAL-001
HNT-air-20250211-001,2025-02-11 23:33:27,STM,DEAL-001
NPL-road-20250208-001,2025-02-09 00:17:51,HMM,DEAL-005
YML-sea-20250225-001,2025-02-25 19:06:16,KMM,DEAL-004
SEI-road-20250220-001,2025-02-20 20:38:16,KMM,DEAL-004
HNT-sea-20250215-001,2025-02-15 20:07:34,KMM,DEAL-004
NPL-air-20250212-001,2025-02-12 22:37:34,KMM,DEAL-004
HNL-air-20250220-001,2025-02-21 04:06:28,HMM,DEAL-005
HNL-sea-20250218-001,2025-02-19 06:30:44,HTB,DEAL-002
HNL-sea-20250216-001,2025-02-16 23:39:44,HTB,DEAL-002
HNT-sea-20250307-001,2025-03-08 10:08:13,SZK,DEAL-003
NPL-air-20250221-001,2025-02-21 23:27:47,STM,DEAL-001
HNT-sea-20250225-001,2025-02-25 19:22:47,STM,DEAL-001
NPL-sea-20250221-001,2025-02-21 18:35:47,STM,DEAL-001
HNT-air-20250223-001,2025-02-24 01:59:34,KMM,DEAL-004
NPL-air-20250302-001,2025-03-02 17:17:34,KMM,DEAL-004
SEI-road-20250219-001,2025-02-19 21:37:00,HTB,DEAL-002
HNL-sea-20250226-001,2025-02-27 00:13:51,SZK,DEAL-003
YML-sea-20250306-001,2025-03-07 00:24:51,SZK,DEAL-003
SEI-road-20250227-001,2025-02-28 00:02:49,KMM,DEAL-004
NPL-air-20250225-001,2025-02-25 23:36:49,KMM,DEAL-004
NPL-sea-20250225-001,2025-02-25 20:58:30,HMM,DEAL-005
SEI-air-20250304-001,2025-03-05 06:10:48,STM,DEAL-001
YML-sea-20250302-001,2025-03-03 07:36:48,STM,DEAL-001
HNL-road-20250304-001,2025-03-05 05:32:41,SZK,DEAL-003
HNL-road-20250304-002,2025-03-05 02:33:55,HTB,DEAL-002
HNT-air-20250302-001,2025-03-02 23:57:40,KMM,DEAL-004
YML-air-20250303-001,2025-03-03 21:37:53,HMM,DEAL-005
SEI-sea-20250303-002,2025-03-03 20:43:53,HMM,DEAL-005
SEI-road-20250315-001,2025-03-16 04:57:26,SZK,DEAL-003
HNT-road-20250312-001,2025-03-13 02:15:27,HTB,DEAL-002
NPL-road-20250310-001,2025-03-11 08:58:27,HTB,DEAL-002
NPL-sea-20250315-001,2025-03-16 08:34:27,HTB,DEAL-002
HNT-road-20250319-001,2025-03-20 08:57:59,STM,DEAL-001
SEI-sea-20250312-001,2025-03-13 05:26:59,STM,DEAL-001
YML-air-20250312-001,2025-03-13 04:19:59,STM,DEAL-001
YML-road-20250317-001,2025-03-18 01:18:56,SZK,DEAL-003
SEI-air-20250320-001,2025-03-20 20:27:17,KMM,DEAL-004
NPL-sea-20250321-001,2025-03-21 23:08:27,STM,DEAL-001
NPL-air-20250326-001,2025-03-27 02:43:17,HTB,DEAL-002
HNT-sea-20250314-001,2025-03-15 02:38:50,HMM,DEAL-005
HNT-sea-20250318-001,2025-03-18 20:25:50,HMM,DEAL-005
HNT-sea-20250323-001,2025-03-24 05:39:58,STM,DEAL-006
HNT-air-20250320-001,2025-03-21 05:08:08,HTB,DEAL-007
HNT-air-20250319-001,2025-03-20 06:33:08,HTB,DEAL-007
HNL-sea-20250325-001,2025-03-25 23:13:33,SZK,DEAL-008
HNL-air-20250321-001,2025-03-21 21:10:33,SZK,DEAL-008
YML-road-20250320-001,2025-03-21 01:38:35,HMM,DEAL-005
NPL-sea-20250328-001,2025-03-29 00:05:10,STM,DEAL-001
HNT-road-20250330-001,2025-03-30 21:56:20,SZK,DEAL-003
NPL-air-20250323-001,2025-03-24 01:24:20,SZK,DEAL-003
SEI-road-20250328-001,2025-03-28 22:44:20,SZK,DEAL-003
HNT-sea-20250326-001,2025-03-27 03:34:04,KMM,DEAL-004
HNT-road-20250328-001,2025-03-29 00:26:05,HTB,DEAL-002
YML-road-20250328-001,2025-03-28 22:06:58,SZK,DEAL-003
HNT-sea-20250412-001,2025-04-12 23:21:12,KMM,DEAL-004
NPL-air-20250331-001,2025-03-31 22:36:35,STM,DEAL-001
SEI-road-20250402-001,2025-04-03 03:41:24,HMM,DEAL-005
YML-road-20250405-001,2025-04-06 07:57:24,HMM,DEAL-005
HNL-road-20250409-001,2025-04-09 18:34:43,HTB,DEAL-002
HNL-road-20250410-001,2025-04-10 20:35:43,HTB,DEAL-002
NPL-air-20250411-001,2025-04-12 01:42:11,SZK,DEAL-003
SEI-road-20250404-001,2025-04-05 03:09:55,KMM,DEAL-004
NPL-road-20250404-001,2025-04-05 04:49:55,KMM,DEAL-004
SEI-air-20250411-001,2025-04-12 02:51:20,HTB,DEAL-002
HNL-sea-20250407-001,2025-04-08 05:24:20,HTB,DEAL-002
HNT-road-20250412-001,2025-04-12 23:01:20,HTB,DEAL-002
HNT-air-20250411-001,2025-04-12 07:12:36,STM,DEAL-001
HNL-air-20250414-001,2025-04-15 07:10:36,STM,DEAL-001
SEI-air-20250415-001,2025-04-16 04:24:37,SZK,DEAL-003
NPL-air-20250416-001,2025-04-17 01:35:48,KMM,DEAL-004
NPL-sea-20250417-001,2025-04-18 05:25:47,HMM,DEAL-005
SEI-road-20250414-001,2025-04-15 02:30:47,HMM,DEAL-005
YML-road-20250416-001,2025-04-17 00:46:47,HMM,DEAL-005
SEI-sea-20250420-001,2025-04-21 06:26:03,HTB,DEAL-002
NPL-air-20250415-001,2025-04-16 07:56:03,HTB,DEAL-002
SEI-air-20250418-001,2025-04-19 07:50:03,HTB,DEAL-002
HNT-road-20250416-001,2025-04-16 22:54:13,HTB,DEAL-007
NPL-road-20250415-001,2025-04-16 02:38:13,HTB,DEAL-007
HNL-air-20250418-001,2025-04-18 16:42:14,HMM,DEAL-005
YML-air-20250420-001,2025-04-20 20:24:14,HMM,DEAL-005
HNT-sea-20250419-001,2025-04-19 17:32:14,HMM,DEAL-005
HNL-air-20250421-001,2025-04-22 00:47:22,STM,DEAL-001
SEI-sea-20250427-001,2025-04-28 06:51:22,STM,DEAL-001
SEI-air-20250420-001,2025-04-20 22:05:27,KMM,DEAL-004
YML-road-20250501-001,2025-05-01 21:14:45,SZK,DEAL-003
NPL-air-20250430-002,2025-05-01 07:53:00,HTB,DEAL-002
NPL-air-20250427-001,2025-04-27 21:06:18,STM,DEAL-006
HNT-sea-20250427-001,2025-04-28 05:10:15,SZK,DEAL-008
NPL-sea-20250429-001,2025-04-30 01:41:15,SZK,DEAL-008
HNT-sea-20250428-001,2025-04-29 04:43:14,STM,DEAL-001
SEI-road-20250505-001,2025-05-06 00:29:14,STM,DEAL-001
YML-sea-20250503-001,2025-05-03 22:29:14,STM,DEAL-001
YML-road-20250429-001,2025-04-29 23:58:22,HMM,DEAL-005
SEI-road-20250429-001,2025-04-30 00:45:22,HMM,DEAL-005
YML-road-20250501-002,2025-05-01 22:06:22,HMM,DEAL-005
NPL-road-20250514-001,2025-05-15 06:42:16,KMM,DEAL-004
HNL-sea-20250512-001,2025-05-13 05:23:16,KMM,DEAL-004
NPL-road-20250430-001,2025-05-01 00:21:47,SZK,DEAL-003
NPL-air-20250501-001,2025-05-01 23:05:53,STM,DEAL-001
YML-sea-20250503-002,2025-05-03 19:35:53,STM,DEAL-001
YML-sea-20250507-001,2025-05-08 01:41:53,STM,DEAL-001
SEI-road-20250505-002,2025-05-06 02:22:25,HTB,DEAL-002
NPL-air-20250513-001,2025-05-14 05:13:46,STM,DEAL-001
YML-road-20250514-001,2025-05-14 21:36:45,HMM,DEAL-005
HNT-sea-20250516-001,2025-05-17 03:45:44,KMM,DEAL-004
HNL-sea-20250517-001,2025-05-17 23:15:44,KMM,DEAL-004
YML-road-20250518-001,2025-05-19 06:42:07,HTB,DEAL-002
HNT-air-20250518-001,2025-05-18 23:22:10,SZK,DEAL-003
YML-air-20250531-001,2025-06-01 05:21:28,KMM,DEAL-004
NPL-air-20250528-001,2025-05-29 04:29:28,KMM,DEAL-004
HNL-sea-20250527-001,2025-05-28 05:08:28,KMM,DEAL-004
SEI-air-20250525-001,2025-05-26 04:50:40,SZK,DEAL-003
SEI-air-20250518-001,2025-05-19 06:12:40,SZK,DEAL-003
SEI-air-20250530-001,2025-05-31 00:38:40,SZK,DEAL-003
YML-air-20250521-001,2025-05-22 08:31:12,STM,DEAL-001
HNL-road-20250520-001,2025-05-20 22:37:21,HMM,DEAL-005
NPL-road-20250528-001,2025-05-29 05:45:37,KMM,DEAL-004
HNT-road-20250527-001,2025-05-28 04:33:45,HTB,DEAL-002
SEI-air-20250603-001,2025-06-04 00:53:27,STM,DEAL-001
YML-road-20250529-001,2025-05-29 23:25:50,HMM,DEAL-005
SEI-air-20250605-001,2025-06-05 21:53:50,HMM,DEAL-005
SEI-air-20250605-002,2025-06-06 07:42:58,SZK,DEAL-003
SEI-air-20250602-001,2025-06-03 08:49:58,SZK,DEAL-003
HNL-air-20250604-001,2025-06-05 07:52:13,HTB,DEAL-002
HNL-sea-20250603-001,2025-06-04 05:31:13,HTB,DEAL-002
SEI-air-20250606-001,2025-06-07 04:04:13,HTB,DEAL-002
YML-sea-20250601-001,2025-06-02 03:53:30,KMM,DEAL-004
HNT-road-20250607-001,2025-06-07 21:11:27,STM,DEAL-006
HNT-sea-20250606-001,2025-06-07 00:46:04,HTB,DEAL-007
HNT-air-20250601-001,2025-06-01 19:33:04,HTB,DEAL-007
SEI-road-20250616-001,2025-06-17 00:45:17,SZK,DEAL-008
SEI-road-20250605-001,2025-06-05 23:00:17,SZK,DEAL-008
SEI-air-20250601-001,2025-06-01 21:39:17,SZK,DEAL-008
HNL-sea-20250609-001,2025-06-09 22:30:45,STM,DEAL-001
YML-air-20250621-001,2025-06-21 22:28:01,SZK,DEAL-003
HNT-road-20250612-001,2025-06-12 21:47:29,HMM,DEAL-005
HNT-road-20250615-001,2025-06-15 21:57:29,HMM,DEAL-005
NPL-road-20250611-001,2025-06-12 01:33:29,HMM,DEAL-005
HNT-air-20250613-001,2025-06-14 04:23:34,STM,DEAL-001
YML-air-20250612-001,2025-06-12 23:32:34,STM,DEAL-001
HNL-sea-20250620-001,2025-06-21 00:44:26,KMM,DEAL-004
NPL-sea-20250618-001,2025-06-18 21:17:26,KMM,DEAL-004
NPL-air-20250614-001,2025-06-15 01:13:26,KMM,DEAL-004
HNT-sea-20250616-001,2025-06-17 01:52:36,HTB,DEAL-002
SEI-air-20250619-001,2025-06-20 02:38:36,HTB,DEAL-002
NPL-road-20250620-001,2025-06-21 02:43:36,HTB,DEAL-002
YML-road-20250705-001,2025-07-06 05:35:09,SZK,DEAL-003
YML-sea-20250617-001,2025-06-18 04:46:47,STM,DEAL-001
HNL-road-20250624-001,2025-06-25 05:33:39,HMM,DEAL-005
NPL-road-20250620-002,2025-06-21 04:47:39,HMM,DEAL-005
YML-sea-20250623-001,2025-06-24 02:48:17,HTB,DEAL-002
NPL-sea-20250626-001,2025-06-27 06:09:17,HTB,DEAL-002
HNT-road-20250620-001,2025-06-21 05:55:17,HTB,DEAL-002
YML-road-20250623-001,2025-06-24 03:07:38,KMM,DEAL-004
HNT-air-20250703-001,2025-07-04 04:37:22,SZK,DEAL-003
HNT-air-20250621-001,2025-06-22 07:29:22,SZK,DEAL-003
NPL-air-20250622-001,2025-06-23 00:12:56,STM,DEAL-001
YML-sea-20250625-001,2025-06-25 23:59:34,HTB,DEAL-002
HNT-sea-20250703-001,2025-07-04 10:27:00,HMM,DEAL-005
NPL-sea-20250704-001,2025-07-04 22:58:46,KMM,DEAL-004
YML-air-20250630-001,2025-07-01 02:32:46,KMM,DEAL-004
SEI-sea-20250703-001,2025-07-04 04:59:32,HTB,DEAL-002
HNL-sea-20250630-001,2025-07-01 04:45:32,HTB,DEAL-002
HNT-road-20250703-001,2025-07-04 03:25:32,HTB,DEAL-002
HNT-sea-20250710-001,2025-07-11 01:30:49,SZK,DEAL-003
SEI-road-20250703-001,2025-07-04 02:37:49,SZK,DEAL-003
SEI-sea-20250709-001,2025-07-10 01:32:13,HMM,DEAL-005
HNL-sea-20250706-001,2025-07-07 06:04:13,HMM,DEAL-005
NPL-sea-20250710-001,2025-07-10 22:43:58,STM,DEAL-001
NPL-sea-20250720-001,2025-07-20 20:12:29,KMM,DEAL-004
HNL-road-20250711-001,2025-07-12 01:57:23,SZK,DEAL-003
YML-sea-20250712-001,2025-07-13 01:14:23,SZK,DEAL-003
HNL-air-20250715-001,2025-07-15 23:12:37,HTB,DEAL-002
HNL-air-20250720-001,2025-07-21 03:48:33,HMM,DEAL-005
HNT-road-20250716-001,2025-07-17 02:07:33,HMM,DEAL-005
HNT-air-20250712-001,2025-07-13 04:10:33,HMM,DEAL-005
HNT-air-20250727-001,2025-07-27 22:28:06,KMM,DEAL-004
HNL-air-20250727-001,2025-07-28 01:53:55,STM,DEAL-006
HNT-air-20250724-001,2025-07-24 18:03:09,HTB,DEAL-007
HNT-road-20250717-001,2025-07-17 21:34:09,HTB,DEAL-007
HNL-sea-20250715-001,2025-07-15 23:11:09,SZK,DEAL-008
NPL-air-20250728-001,2025-07-29 08:32:51,STM,DEAL-001
HNT-sea-20250724-001,2025-07-25 00:27:26,SZK,DEAL-003
YML-road-20250726-001,2025-07-27 00:11:26,SZK,DEAL-003
SEI-air-20250721-001,2025-07-21 22:27:26,SZK,DEAL-003
YML-road-20250721-001,2025-07-22 02:55:20,HTB,DEAL-002
YML-air-20250721-001,2025-07-22 05:42:20,HTB,DEAL-002
SEI-air-20250729-001,2025-07-30 09:54:20,HTB,DEAL-002
YML-air-20250725-001,2025-07-26 01:43:53,HMM,DEAL-005
SEI-sea-20250731-001,2025-08-01 07:32:53,HMM,DEAL-005
YML-road-20250731-001,2025-08-01 01:51:53,HMM,DEAL-005
NPL-road-20250729-001,2025-07-29 22:44:55,KMM,DEAL-004
SEI-air-20250728-001,2025-07-28 20:58:55,KMM,DEAL-004
NPL-sea-20250725-001,2025-07-26 07:34:20,HTB,DEAL-002
HNT-air-20250725-001,2025-07-26 06:48:20,HTB,DEAL-002
YML-sea-20250726-001,2025-07-27 06:29:20,HTB,DEAL-002
NPL-air-20250730-001,2025-07-30 22:09:21,STM,DEAL-001
SEI-sea-20250802-001,2025-08-03 02:32:21,STM,DEAL-001
YML-road-20250729-001,2025-07-30 01:59:21,STM,DEAL-001
YML-road-20250730-001,2025-07-31 00:24:20,SZK,DEAL-003
SEI-air-20250730-001,2025-07-30 19:50:28,HMM,DEAL-005
SEI-sea-20250804-001,2025-08-04 21:51:07,KMM,DEAL-004
YML-sea-20250816-001,2025-08-16 20:50:07,KMM,DEAL-004
HNT-road-20250815-001,2025-08-15 20:52:07,KMM,DEAL-004
NPL-air-20250806-001,2025-08-07 01:57:42,HTB,DEAL-002
NPL-sea-20250814-001,2025-08-15 02:35:13,KMM,DEAL-004
HNL-road-20250820-001,2025-08-21 02:41:13,KMM,DEAL-004
NPL-sea-20250805-001,2025-08-05 22:27:14,HMM,DEAL-005
HNT-air-20250808-001,2025-08-09 03:00:07,STM,DEAL-001
SEI-sea-20250818-001,2025-08-19 00:29:12,SZK,DEAL-003
NPL-sea-20250818-001,2025-08-19 00:11:37,KMM,DEAL-004
HNL-sea-20250813-001,2025-08-14 01:37:37,HTB,DEAL-002
YML-air-20250820-001,2025-08-21 02:06:37,HTB,DEAL-002
SEI-road-20250817-001,2025-08-18 07:10:37,HTB,DEAL-002
YML-sea-20250817-001,2025-08-17 23:51:11,HMM,DEAL-005
NPL-sea-20250815-001,2025-08-16 02:53:11,HMM,DEAL-005
HNT-sea-20250813-001,2025-08-14 03:13:10,STM,DEAL-001
NPL-road-20250819-001,2025-08-19 18:16:44,SZK,DEAL-003
HNT-road-20250823-001,2025-08-24 03:31:13,STM,DEAL-006
YML-road-20250824-001,2025-08-25 01:32:18,HMM,DEAL-005
SEI-sea-20250824-001,2025-08-25 03:55:18,HMM,DEAL-005
SEI-air-20250823-001,2025-08-24 01:13:18,HMM,DEAL-005
SEI-sea-20250821-001,2025-08-22 00:24:30,KMM,DEAL-004
HNL-air-20250824-001,2025-08-25 02:52:36,STM,DEAL-001
HNL-sea-20250824-001,2025-08-25 01:51:26,SZK,DEAL-003
NPL-sea-20250824-001,2025-08-24 21:52:24,HTB,DEAL-002
YML-road-20250830-001,2025-08-31 04:13:14,STM,DEAL-001
HNL-sea-20250830-001,2025-08-30 20:52:14,STM,DEAL-001
YML-sea-20250906-001,2025-09-06 23:42:21,HTB,DEAL-002
YML-road-20250830-002,2025-08-30 20:13:21,HTB,DEAL-002
NPL-air-20250903-001,2025-09-03 19:02:21,HTB,DEAL-002
SEI-sea-20250910-001,2025-09-11 00:49:27,HMM,DEAL-005
NPL-air-20250909-001,2025-09-09 21:20:13,KMM,DEAL-004
YML-air-20250914-001,2025-09-15 03:56:01,SZK,DEAL-003
YML-air-20250906-001,2025-09-07 01:23:56,HTB,DEAL-007
YML-air-20250905-001,2025-09-06 03:33:56,HTB,DEAL-007
HNT-road-20250909-001,2025-09-10 05:04:43,SZK,DEAL-008
HNL-air-20250906-001,2025-09-07 03:29:43,SZK,DEAL-008
NPL-sea-20250913-001,2025-09-14 01:47:00,STM,DEAL-001
HNT-sea-20250915-001,2025-09-15 22:25:07,HTB,DEAL-002
NPL-road-20250917-001,2025-09-17 22:19:07,HTB,DEAL-002
HNT-sea-20250918-001,2025-09-19 06:09:38,HMM,DEAL-005
HNL-air-20250917-001,2025-09-18 04:42:56,KMM,DEAL-004
HNT-air-20250913-001,2025-09-14 06:13:56,KMM,DEAL-004
NPL-road-20250914-001,2025-09-14 20:37:44,SZK,DEAL-003
NPL-road-20250911-001,2025-09-11 23:38:44,SZK,DEAL-003
HNL-road-20250914-001,2025-09-15 01:42:26,HMM,DEAL-005
NPL-sea-20250914-002,2025-09-14 21:35:28,HTB,DEAL-002
SEI-sea-20250920-001,2025-09-21 00:44:30,STM,DEAL-001
NPL-air-20250917-001,2025-09-18 02:36:02,KMM,DEAL-004
NPL-sea-20250927-001,2025-09-27 23:33:02,KMM,DEAL-004
HNL-road-20250919-001,2025-09-19 20:12:02,KMM,DEAL-004
HNL-sea-20250923-001,2025-09-23 18:26:42,HTB,DEAL-002
YML-air-20250929-001,2025-09-29 20:19:30,SZK,DEAL-003
HNL-road-20250929-001,2025-09-30 01:33:33,KMM,DEAL-004
HNL-sea-20250930-001,2025-09-30 22:32:33,KMM,DEAL-004
NPL-road-20250925-001,2025-09-26 01:44:33,KMM,DEAL-004
SEI-sea-20250924-001,2025-09-25 05:00:25,HMM,DEAL-005
HNL-road-20251001-001,2025-10-02 07:20:37,STM,DEAL-001
SEI-air-20251004-001,2025-10-05 02:36:11,HTB,DEAL-002
NPL-sea-20251006-001,2025-10-06 21:23:11,HTB,DEAL-002
NPL-sea-20251004-001,2025-10-05 07:34:26,KMM,DEAL-004
SEI-air-20251001-001,2025-10-02 08:25:26,KMM,DEAL-004
YML-air-20251005-001,2025-10-06 01:45:16,STM,DEAL-006
HNT-sea-20251007-001,2025-10-07 19:25:16,STM,DEAL-006
HNL-road-20251006-001,2025-10-07 08:18:25,HTB,DEAL-007
HNL-air-20251003-001,2025-10-04 10:04:25,HTB,DEAL-007
YML-sea-20251010-001,2025-10-10 21:28:40,SZK,DEAL-003
HNT-air-20251011-001,2025-10-11 19:02:40,SZK,DEAL-003
HNL-road-20251005-001,2025-10-06 01:20:40,SZK,DEAL-003
SEI-sea-20251012-001,2025-10-12 22:41:23,HMM,DEAL-005
NPL-air-20251011-001,2025-10-12 01:42:23,HMM,DEAL-005
YML-sea-20251012-001,2025-10-13 03:13:34,STM,DEAL-001
YML-air-20251008-001,2025-10-09 02:03:34,STM,DEAL-001
NPL-road-20251010-001,2025-10-11 00:26:34,STM,DEAL-001
HNT-air-20251016-001,2025-10-17 03:51:07,KMM,DEAL-004
HNT-sea-20251017-001,2025-10-18 02:54:07,KMM,DEAL-004
SEI-sea-20251013-001,2025-10-13 23:37:51,HTB,DEAL-002
SEI-road-20251010-001,2025-10-10 21:04:57,SZK,DEAL-003
HNT-sea-20251012-001,2025-10-13 00:15:57,SZK,DEAL-003
HNT-road-20251021-001,2025-10-22 06:58:01,KMM,DEAL-004
HNT-road-20251013-001,2025-10-14 06:50:01,KMM,DEAL-004
HNL-sea-20251026-001,2025-10-27 00:43:01,KMM,DEAL-004
NPL-air-20251019-001,2025-10-20 06:49:25,HTB,DEAL-002
SEI-road-20251020-001,2025-10-21 05:18:47,SZK,DEAL-008
YML-air-20251014-001,2025-10-14 21:20:47,SZK,DEAL-008
YML-sea-20251015-001,2025-10-16 05:59:17,STM,DEAL-001
YML-road-20251025-001,2025-10-26 01:56:50,SZK,DEAL-003
YML-road-20251019-001,2025-10-20 04:59:45,HMM,DEAL-005
YML-air-20251018-001,2025-10-19 00:41:45,HMM,DEAL-005
HNL-sea-20251025-001,2025-10-25 22:13:45,HMM,DEAL-005
YML-air-20251023-001,2025-10-24 01:22:03,KMM,DEAL-004
SEI-road-20251027-001,2025-10-27 23:39:59,HTB,DEAL-002
NPL-air-20251026-001,2025-10-27 00:54:42,STM,DEAL-001
NPL-sea-20251104-001,2025-11-05 05:01:42,STM,DEAL-001
YML-sea-20251027-001,2025-10-28 07:15:42,STM,DEAL-001
HNT-air-20251028-001,2025-10-29 06:24:19,SZK,DEAL-003
SEI-road-20251110-001,2025-11-10 23:09:19,SZK,DEAL-003
HNT-road-20251030-001,2025-10-31 05:47:19,SZK,DEAL-003
SEI-air-20251101-001,2025-11-01 23:01:22,HMM,DEAL-005
SEI-sea-20251029-001,2025-10-30 01:54:22,HMM,DEAL-005
HNT-road-20251102-001,2025-11-03 02:55:22,HMM,DEAL-005
YML-sea-20251106-001,2025-11-07 02:38:35,STM,DEAL-001
SEI-sea-20251104-001,2025-11-05 04:04:05,KMM,DEAL-004
NPL-sea-20251111-001,2025-11-12 01:22:01,HTB,DEAL-002
YML-sea-20251111-001,2025-11-12 03:32:45,HMM,DEAL-005
SEI-air-20251117-001,2025-11-18 00:14:45,HMM,DEAL-005
HNT-road-20251114-001,2025-11-15 01:09:30,SZK,DEAL-003
HNT-road-20251113-001,2025-11-14 03:56:30,SZK,DEAL-003
SEI-road-20251113-001,2025-11-14 01:25:30,SZK,DEAL-003
HNL-road-20251109-001,2025-11-10 00:15:31,STM,DEAL-001
HNT-road-20251109-001,2025-11-10 06:25:31,STM,DEAL-001
HNL-road-20251115-001,2025-11-16 03:45:31,STM,DEAL-001
NPL-air-20251126-001,2025-11-27 06:10:11,KMM,DEAL-004
YML-sea-20251114-001,2025-11-14 23:06:41,STM,DEAL-001
YML-road-20251122-001,2025-11-23 08:28:08,HTB,DEAL-002
SEI-road-20251115-001,2025-11-16 01:17:08,HTB,DEAL-002
SEI-road-20251119-001,2025-11-20 04:43:08,HTB,DEAL-002
YML-road-20251125-001,2025-11-25 18:06:26,HMM,DEAL-005
YML-air-20251122-001,2025-11-23 08:22:35,STM,DEAL-006
YML-air-20251118-001,2025-11-19 04:34:04,HTB,DEAL-007
HNT-air-20251115-001,2025-11-16 02:55:04,HTB,DEAL-007
HNT-sea-20251120-001,2025-11-21 06:55:04,HTB,DEAL-007
SEI-road-20251129-001,2025-11-30 00:06:31,SZK,DEAL-008
HNT-road-20251118-001,2025-11-19 01:32:31,SZK,DEAL-008
HNL-sea-20251121-001,2025-11-22 04:39:31,SZK,DEAL-008
NPL-road-20251121-001,2025-11-22 05:37:09,KMM,DEAL-004
HNL-air-20251129-001,2025-11-30 06:23:09,KMM,DEAL-004
HNL-air-20251120-001,2025-11-21 01:09:09,KMM,DEAL-004
HNL-sea-20251124-001,2025-11-25 04:51:51,SZK,DEAL-003
HNL-road-20251126-001,2025-11-27 00:02:51,SZK,DEAL-003
HNL-air-20251118-001,2025-11-18 23:19:51,SZK,DEAL-003
YML-air-20251129-001,2025-11-30 00:17:30,STM,DEAL-001
SEI-air-20251201-001,2025-12-01 20:23:21,HTB,DEAL-002
HNT-air-20251125-001,2025-11-25 23:37:49,HMM,DEAL-005
NPL-road-20251126-001,2025-11-27 00:32:49,HMM,DEAL-005
SEI-road-20251127-001,2025-11-27 19:44:49,HMM,DEAL-005
HNT-road-20251211-001,2025-12-12 04:43:18,KMM,DEAL-004
HNT-road-20251216-001,2025-12-17 03:15:36,SZK,DEAL-003
NPL-air-20251201-001,2025-12-02 06:04:10,HMM,DEAL-005
SEI-road-20251129-002,2025-11-30 01:57:10,HMM,DEAL-005
YML-air-20251203-001,2025-12-03 19:40:34,STM,DEAL-001
YML-air-20251202-001,2025-12-03 06:42:01,KMM,DEAL-004
NPL-air-20251210-001,2025-12-11 00:07:23,HTB,DEAL-002
