year_month,supplier_id,supplier_name,total_orders,on_time_deliveries,compliance_rate,avg_lead_time_days,created_at
,SUP-001,,3665,0,0.0,,2025-12-04 11:32:37
,SUP-001,,3665,0,0.0,,2025-12-04 14:09:48
2021-12,SUP-AUTO-001,デンソー,11,0,0.0,,2025-12-04 14:09:48
2021-12,SUP-AUTO-002,アイシン,6,0,0.0,,2025-12-04 14:09:48
2021-12,SUP-ELEC-001,パナソニックオートモーティブシステムズ,13,0,0.0,,2025-12-04 14:09:48
2021-12,SUP-ELEC-002,ボッシュ,1,0,0.0,,2025-12-04 14:09:48
2021-12,SUP-EV-001,CATL,8,0,0.0,,2025-12-04 14:09:48
2021-12,SUP-EV-002,LGエナジーソリューション,1,0,0.0,,2025-12-04 14:09:48
2021-12,SUP-EV-003,BYD,6,0,0.0,,2025-12-04 14:09:48
2021-12,SUP-EXHA-001,フタバ産業,6,0,0.0,,2025-12-04 14:09:48
2021-12,SUP-EXHA-002,日本発条,11,0,0.0,,2025-12-04 14:09:48
2021-12,SUP-EXHA-003,日本特殊陶業,7,0,0.0,,2025-12-04 14:09:48
2021-12,SUP-SUSP-001,ヨロズ,5,0,0.0,,2025-12-04 14:09:48
2021-12,SUP-SUSP-003,日立Astemo,2,0,0.0,,2025-12-04 14:09:48
2022-01,SUP-AUTO-001,デンソー,115,55,47.83,3.5,2025-12-04 14:09:48
2022-01,SUP-AUTO-002,アイシン,159,87,54.72,3.0,2025-12-04 14:09:48
2022-01,SUP-AUTO-003,ジヤトコ,72,43,59.72,3.0,2025-12-04 14:09:48
2022-01,SUP-ELEC-001,パナソニックオートモーティブシステムズ,165,107,64.85,0.7,2025-12-04 14:09:48
2022-01,SUP-ELEC-002,ボッシュ,58,49,84.48,-4.7,2025-12-04 14:09:48
2022-01,SUP-EV-001,CATL,125,41,32.8,8.5,2025-12-04 14:09:48
2022-01,SUP-EV-002,LGエナジーソリューション,103,88,85.44,-5.7,2025-12-04 14:09:48
2022-01,SUP-EV-003,BYD,119,74,62.18,-2.1,2025-12-04 14:09:48
2022-01,SUP-EXHA-001,フタバ産業,87,39,44.83,4.2,2025-12-04 14:09:48
2022-01,SUP-EXHA-002,日本発条,146,77,52.74,2.6,2025-12-04 14:09:48
2022-01,SUP-EXHA-003,日本特殊陶業,99,54,54.55,2.3,2025-12-04 14:09:48
2022-01,SUP-SUSP-001,ヨロズ,112,72,64.29,-1.3,2025-12-04 14:09:48
2022-01,SUP-SUSP-002,KYB,83,44,53.01,3.1,2025-12-04 14:09:48
2022-01,SUP-SUSP-003,日立Astemo,121,86,71.07,-1.5,2025-12-04 14:09:48
2022-02,SUP-AUTO-001,デンソー,282,182,64.54,0.0,2025-12-04 14:09:48
2022-02,SUP-AUTO-002,アイシン,267,158,59.18,1.8,2025-12-04 14:09:48
2022-02,SUP-AUTO-003,ジヤトコ,114,56,49.12,3.7,2025-12-04 14:09:48
2022-02,SUP-ELEC-001,パナソニックオートモーティブシステムズ,235,148,62.98,0.0,2025-12-04 14:09:48
2022-02,SUP-ELEC-002,ボッシュ,136,69,50.74,4.9,2025-12-04 14:09:48
2022-02,SUP-EV-001,CATL,232,150,64.66,0.3,2025-12-04 14:09:48
2022-02,SUP-EV-002,LGエナジーソリューション,150,67,44.67,3.9,2025-12-04 14:09:48
2022-02,SUP-EV-003,BYD,172,117,68.02,-1.7,2025-12-04 14:09:48
2022-02,SUP-EXHA-001,フタバ産業,268,165,61.57,0.4,2025-12-04 14:09:48
2022-02,SUP-EXHA-002,日本発条,238,157,65.97,0.2,2025-12-04 14:09:48
2022-02,SUP-EXHA-003,日本特殊陶業,204,116,56.86,0.4,2025-12-04 14:09:48
2022-02,SUP-SUSP-001,ヨロズ,269,195,72.49,-0.8,2025-12-04 14:09:48
2022-02,SUP-SUSP-002,KYB,170,96,56.47,2.0,2025-12-04 14:09:48
2022-02,SUP-SUSP-003,日立Astemo,162,111,68.52,-2.0,2025-12-04 14:09:48
2022-03,SUP-AUTO-001,デンソー,213,161,75.59,-4.1,2025-12-04 14:09:48
2022-03,SUP-AUTO-002,アイシン,287,211,73.52,-4.2,2025-12-04 14:09:48
2022-03,SUP-AUTO-003,ジヤトコ,190,107,56.32,-0.3,2025-12-04 14:09:48
2022-03,SUP-ELEC-001,パナソニックオートモーティブシステムズ,204,143,70.1,-2.3,2025-12-04 14:09:48
2022-03,SUP-ELEC-002,ボッシュ,136,63,46.32,2.6,2025-12-04 14:09:48
2022-03,SUP-EV-001,CATL,269,190,70.63,-2.7,2025-12-04 14:09:48
2022-03,SUP-EV-002,LGエナジーソリューション,172,86,50.0,1.5,2025-12-04 14:09:48
2022-03,SUP-EV-003,BYD,194,142,73.2,-3.2,2025-12-04 14:09:48
2022-03,SUP-EXHA-001,フタバ産業,301,185,61.46,-1.3,2025-12-04 14:09:48
2022-03,SUP-EXHA-002,日本発条,252,193,76.59,-5.9,2025-12-04 14:09:48
2022-03,SUP-EXHA-003,日本特殊陶業,231,179,77.49,-3.5,2025-12-04 14:09:48
2022-03,SUP-SUSP-001,ヨロズ,251,168,66.93,-1.2,2025-12-04 14:09:48
2022-03,SUP-SUSP-002,KYB,206,125,60.68,-1.2,2025-12-04 14:09:48
2022-03,SUP-SUSP-003,日立Astemo,215,153,71.16,-3.1,2025-12-04 14:09:48
2022-04,SUP-AUTO-001,デンソー,178,140,78.65,-2.5,2025-12-04 14:09:48
2022-04,SUP-AUTO-002,アイシン,269,182,67.66,-1.2,2025-12-04 14:09:48
2022-04,SUP-AUTO-003,ジヤトコ,94,78,82.98,-6.7,2025-12-04 14:09:48
2022-04,SUP-ELEC-001,パナソニックオートモーティブシステムズ,157,123,78.34,-2.3,2025-12-04 14:09:48
2022-04,SUP-ELEC-002,ボッシュ,62,32,51.61,2.8,2025-12-04 14:09:48
2022-04,SUP-EV-001,CATL,226,150,66.37,-1.3,2025-12-04 14:09:48
2022-04,SUP-EV-002,LGエナジーソリューション,140,96,68.57,-2.7,2025-12-04 14:09:48
2022-04,SUP-EV-003,BYD,171,129,75.44,-1.9,2025-12-04 14:09:48
2022-04,SUP-EXHA-001,フタバ産業,144,104,72.22,-1.0,2025-12-04 14:09:48
2022-04,SUP-EXHA-002,日本発条,109,89,81.65,-3.1,2025-12-04 14:09:48
2022-04,SUP-EXHA-003,日本特殊陶業,173,119,68.79,-1.6,2025-12-04 14:09:48
2022-04,SUP-SUSP-001,ヨロズ,210,149,70.95,-1.3,2025-12-04 14:09:48
2022-04,SUP-SUSP-002,KYB,115,97,84.35,-8.4,2025-12-04 14:09:48
2022-04,SUP-SUSP-003,日立Astemo,127,87,68.5,-0.7,2025-12-04 14:09:48
2022-05,SUP-AUTO-001,デンソー,192,100,52.08,1.3,2025-12-04 14:09:48
2022-05,SUP-AUTO-002,アイシン,156,105,67.31,-1.4,2025-12-04 14:09:48
2022-05,SUP-AUTO-003,ジヤトコ,161,73,45.34,3.3,2025-12-04 14:09:48
2022-05,SUP-ELEC-001,パナソニックオートモーティブシステムズ,187,103,55.08,1.1,2025-12-04 14:09:48
2022-05,SUP-ELEC-002,ボッシュ,109,52,47.71,2.3,2025-12-04 14:09:48
2022-05,SUP-EV-001,CATL,259,175,67.57,-2.4,2025-12-04 14:09:48
2022-05,SUP-EV-002,LGエナジーソリューション,111,45,40.54,5.1,2025-12-04 14:09:48
2022-05,SUP-EV-003,BYD,245,145,59.18,-0.2,2025-12-04 14:09:48
2022-05,SUP-EXHA-001,フタバ産業,214,146,68.22,-3.1,2025-12-04 14:09:48
2022-05,SUP-EXHA-002,日本発条,228,142,62.28,-0.7,2025-12-04 14:09:48
2022-05,SUP-EXHA-003,日本特殊陶業,264,159,60.23,0.4,2025-12-04 14:09:48
2022-05,SUP-SUSP-001,ヨロズ,207,135,65.22,-2.5,2025-12-04 14:09:48
2022-05,SUP-SUSP-002,KYB,170,85,50.0,1.3,2025-12-04 14:09:48
2022-05,SUP-SUSP-003,日立Astemo,291,187,64.26,-1.4,2025-12-04 14:09:48
2022-06,SUP-AUTO-001,デンソー,205,147,71.71,-2.6,2025-12-04 14:09:48
2022-06,SUP-AUTO-002,アイシン,114,86,75.44,-2.6,2025-12-04 14:09:48
2022-06,SUP-AUTO-003,ジヤトコ,102,65,63.73,-0.5,2025-12-04 14:09:48
2022-06,SUP-ELEC-001,パナソニックオートモーティブシステムズ,113,62,54.87,3.1,2025-12-04 14:09:48
2022-06,SUP-ELEC-002,ボッシュ,104,55,52.88,0.7,2025-12-04 14:09:48
2022-06,SUP-EV-001,CATL,134,100,74.63,-2.1,2025-12-04 14:09:48
2022-06,SUP-EV-002,LGエナジーソリューション,32,22,68.75,-1.1,2025-12-04 14:09:48
2022-06,SUP-EV-003,BYD,193,142,73.58,-1.1,2025-12-04 14:09:48
2022-06,SUP-EXHA-001,フタバ産業,141,101,71.63,-2.1,2025-12-04 14:09:48
2022-06,SUP-EXHA-002,日本発条,160,131,81.88,-2.2,2025-12-04 14:09:48
2022-06,SUP-EXHA-003,日本特殊陶業,189,157,83.07,-2.9,2025-12-04 14:09:48
2022-06,SUP-SUSP-001,ヨロズ,207,156,75.36,-1.3,2025-12-04 14:09:48
2022-06,SUP-SUSP-002,KYB,114,71,62.28,-0.1,2025-12-04 14:09:48
2022-06,SUP-SUSP-003,日立Astemo,122,96,78.69,-1.5,2025-12-04 14:09:48
2022-07,SUP-AUTO-001,デンソー,154,97,62.99,2.2,2025-12-04 14:09:48
2022-07,SUP-AUTO-002,アイシン,188,142,75.53,-0.6,2025-12-04 14:09:48
2022-07,SUP-AUTO-003,ジヤトコ,122,73,59.84,-0.3,2025-12-04 14:09:48
2022-07,SUP-ELEC-001,パナソニックオートモーティブシステムズ,178,113,63.48,1.2,2025-12-04 14:09:48
2022-07,SUP-ELEC-002,ボッシュ,115,69,60.0,-1.7,2025-12-04 14:09:48
2022-07,SUP-EV-001,CATL,162,137,84.57,-2.9,2025-12-04 14:09:48
2022-07,SUP-EV-002,LGエナジーソリューション,146,68,46.58,3.4,2025-12-04 14:09:48
2022-07,SUP-EV-003,BYD,196,127,64.8,0.5,2025-12-04 14:09:48
2022-07,SUP-EXHA-001,フタバ産業,245,167,68.16,1.0,2025-12-04 14:09:48
2022-07,SUP-EXHA-002,日本発条,283,217,76.68,-2.1,2025-12-04 14:09:48
2022-07,SUP-EXHA-003,日本特殊陶業,177,113,63.84,1.0,2025-12-04 14:09:48
2022-07,SUP-SUSP-001,ヨロズ,127,94,74.02,-1.6,2025-12-04 14:09:48
2022-07,SUP-SUSP-002,KYB,104,72,69.23,-2.8,2025-12-04 14:09:48
2022-07,SUP-SUSP-003,日立Astemo,235,161,68.51,-0.8,2025-12-04 14:09:48
2022-08,SUP-AUTO-001,デンソー,316,203,64.24,-1.3,2025-12-04 14:09:48
2022-08,SUP-AUTO-002,アイシン,223,132,59.19,0.0,2025-12-04 14:09:48
2022-08,SUP-AUTO-003,ジヤトコ,205,99,48.29,2.6,2025-12-04 14:09:48
2022-08,SUP-ELEC-001,パナソニックオートモーティブシステムズ,270,208,77.04,-3.7,2025-12-04 14:09:48
2022-08,SUP-ELEC-002,ボッシュ,222,114,51.35,1.7,2025-12-04 14:09:48
2022-08,SUP-EV-001,CATL,266,175,65.79,-2.2,2025-12-04 14:09:48
2022-08,SUP-EV-002,LGエナジーソリューション,252,149,59.13,0.4,2025-12-04 14:09:48
2022-08,SUP-EV-003,BYD,277,213,76.9,-3.8,2025-12-04 14:09:48
2022-08,SUP-EXHA-001,フタバ産業,182,108,59.34,-0.7,2025-12-04 14:09:48
2022-08,SUP-EXHA-002,日本発条,305,213,69.84,-2.6,2025-12-04 14:09:48
2022-08,SUP-EXHA-003,日本特殊陶業,293,228,77.82,-4.0,2025-12-04 14:09:48
2022-08,SUP-SUSP-001,ヨロズ,257,161,62.65,-1.0,2025-12-04 14:09:48
2022-08,SUP-SUSP-002,KYB,192,120,62.5,-0.5,2025-12-04 14:09:48
2022-08,SUP-SUSP-003,日立Astemo,213,147,69.01,-2.8,2025-12-04 14:09:48
2022-09,SUP-AUTO-001,デンソー,159,120,75.47,-2.7,2025-12-04 14:09:48
2022-09,SUP-AUTO-002,アイシン,190,129,67.89,-1.2,2025-12-04 14:09:48
2022-09,SUP-AUTO-003,ジヤトコ,136,68,50.0,3.6,2025-12-04 14:09:48
2022-09,SUP-ELEC-001,パナソニックオートモーティブシステムズ,206,145,70.39,-1.0,2025-12-04 14:09:48
2022-09,SUP-ELEC-002,ボッシュ,76,41,53.95,2.8,2025-12-04 14:09:48
2022-09,SUP-EV-001,CATL,155,115,74.19,-2.6,2025-12-04 14:09:48
2022-09,SUP-EV-002,LGエナジーソリューション,107,50,46.73,5.4,2025-12-04 14:09:48
2022-09,SUP-EV-003,BYD,199,147,73.87,-2.8,2025-12-04 14:09:48
2022-09,SUP-EXHA-001,フタバ産業,166,122,73.49,-3.5,2025-12-04 14:09:48
2022-09,SUP-EXHA-002,日本発条,203,142,69.95,-3.0,2025-12-04 14:09:48
2022-09,SUP-EXHA-003,日本特殊陶業,164,125,76.22,-3.5,2025-12-04 14:09:48
2022-09,SUP-SUSP-001,ヨロズ,181,138,76.24,-2.6,2025-12-04 14:09:48
2022-09,SUP-SUSP-002,KYB,77,43,55.84,3.4,2025-12-04 14:09:48
2022-09,SUP-SUSP-003,日立Astemo,205,170,82.93,-5.2,2025-12-04 14:09:48
2022-10,SUP-AUTO-001,デンソー,236,146,61.86,-0.1,2025-12-04 14:09:48
2022-10,SUP-AUTO-002,アイシン,244,128,52.46,2.7,2025-12-04 14:09:48
2022-10,SUP-AUTO-003,ジヤトコ,132,74,56.06,-1.1,2025-12-04 14:09:48
2022-10,SUP-ELEC-001,パナソニックオートモーティブシステムズ,177,137,77.4,-3.0,2025-12-04 14:09:48
2022-10,SUP-ELEC-002,ボッシュ,104,45,43.27,3.7,2025-12-04 14:09:48
2022-10,SUP-EV-001,CATL,126,105,83.33,-5.3,2025-12-04 14:09:48
2022-10,SUP-EV-002,LGエナジーソリューション,172,68,39.53,5.2,2025-12-04 14:09:48
2022-10,SUP-EV-003,BYD,249,175,70.28,-1.7,2025-12-04 14:09:48
2022-10,SUP-EXHA-001,フタバ産業,169,104,61.54,1.3,2025-12-04 14:09:48
2022-10,SUP-EXHA-002,日本発条,188,136,72.34,-2.6,2025-12-04 14:09:48
2022-10,SUP-EXHA-003,日本特殊陶業,136,92,67.65,-0.4,2025-12-04 14:09:48
2022-10,SUP-SUSP-001,ヨロズ,196,118,60.2,-1.3,2025-12-04 14:09:48
2022-10,SUP-SUSP-002,KYB,79,46,58.23,-0.8,2025-12-04 14:09:48
2022-10,SUP-SUSP-003,日立Astemo,183,113,61.75,-1.8,2025-12-04 14:09:48
2022-11,SUP-AUTO-001,デンソー,226,149,65.93,-0.9,2025-12-04 14:09:48
2022-11,SUP-AUTO-002,アイシン,222,127,57.21,1.5,2025-12-04 14:09:48
2022-11,SUP-AUTO-003,ジヤトコ,119,52,43.7,3.9,2025-12-04 14:09:48
2022-11,SUP-ELEC-001,パナソニックオートモーティブシステムズ,148,101,68.24,-3.1,2025-12-04 14:09:48
2022-11,SUP-ELEC-002,ボッシュ,84,49,58.33,2.1,2025-12-04 14:09:48
2022-11,SUP-EV-001,CATL,164,112,68.29,-1.0,2025-12-04 14:09:48
2022-11,SUP-EV-002,LGエナジーソリューション,149,76,51.01,3.6,2025-12-04 14:09:48
2022-11,SUP-EV-003,BYD,182,144,79.12,-3.3,2025-12-04 14:09:48
2022-11,SUP-EXHA-001,フタバ産業,180,107,59.44,-0.2,2025-12-04 14:09:48
2022-11,SUP-EXHA-002,日本発条,178,109,61.24,-0.3,2025-12-04 14:09:48
2022-11,SUP-EXHA-003,日本特殊陶業,202,119,58.91,1.1,2025-12-04 14:09:48
2022-11,SUP-SUSP-001,ヨロズ,128,82,64.06,-2.5,2025-12-04 14:09:48
2022-11,SUP-SUSP-002,KYB,132,65,49.24,3.7,2025-12-04 14:09:48
2022-11,SUP-SUSP-003,日立Astemo,276,193,69.93,-1.3,2025-12-04 14:09:48
2022-12,SUP-AUTO-001,デンソー,285,211,74.04,-3.9,2025-12-04 14:09:48
2022-12,SUP-AUTO-002,アイシン,350,255,72.86,-2.4,2025-12-04 14:09:48
2022-12,SUP-AUTO-003,ジヤトコ,272,176,64.71,-2.8,2025-12-04 14:09:48
2022-12,SUP-ELEC-001,パナソニックオートモーティブシステムズ,255,188,73.73,-3.6,2025-12-04 14:09:48
2022-12,SUP-ELEC-002,ボッシュ,193,121,62.69,-0.5,2025-12-04 14:09:48
2022-12,SUP-EV-001,CATL,372,286,76.88,-4.4,2025-12-04 14:09:48
2022-12,SUP-EV-002,LGエナジーソリューション,157,81,51.59,2.1,2025-12-04 14:09:48
2022-12,SUP-EV-003,BYD,287,210,73.17,-2.8,2025-12-04 14:09:48
2022-12,SUP-EXHA-001,フタバ産業,301,224,74.42,-2.4,2025-12-04 14:09:48
2022-12,SUP-EXHA-002,日本発条,401,313,78.05,-4.4,2025-12-04 14:09:48
2022-12,SUP-EXHA-003,日本特殊陶業,311,193,62.06,0.3,2025-12-04 14:09:48
2022-12,SUP-IND-001,インダストリアル商事,2,0,0.0,,2025-12-04 14:09:48
2022-12,SUP-SUSP-001,ヨロズ,164,125,76.22,-4.0,2025-12-04 14:09:48
2022-12,SUP-SUSP-002,KYB,190,134,70.53,-3.7,2025-12-04 14:09:48
2022-12,SUP-SUSP-003,日立Astemo,325,241,74.15,-3.8,2025-12-04 14:09:48
2023-01,SUP-AMZ-001,アマゾンジャパン合同会社,4,0,0.0,,2025-12-04 14:09:48
2023-01,SUP-AUTO-001,デンソー,135,104,77.04,-3.1,2025-12-04 14:09:48
2023-01,SUP-AUTO-002,アイシン,142,111,78.17,-2.8,2025-12-04 14:09:48
2023-01,SUP-AUTO-003,ジヤトコ,39,22,56.41,1.3,2025-12-04 14:09:48
2023-01,SUP-ELEC-001,パナソニックオートモーティブシステムズ,189,125,66.14,-2.1,2025-12-04 14:09:48
2023-01,SUP-ELEC-002,ボッシュ,70,44,62.86,-0.9,2025-12-04 14:09:48
2023-01,SUP-EV-001,CATL,180,134,74.44,-2.9,2025-12-04 14:09:48
2023-01,SUP-EV-002,LGエナジーソリューション,105,78,74.29,-7.5,2025-12-04 14:09:48
2023-01,SUP-EV-003,BYD,151,110,72.85,-4.7,2025-12-04 14:09:48
2023-01,SUP-EXHA-001,フタバ産業,131,98,74.81,-3.8,2025-12-04 14:09:48
2023-01,SUP-EXHA-002,日本発条,146,98,67.12,0.2,2025-12-04 14:09:48
2023-01,SUP-EXHA-003,日本特殊陶業,168,128,76.19,-4.8,2025-12-04 14:09:48
2023-01,SUP-IND-001,インダストリアル商事,3,0,0.0,,2025-12-04 14:09:48
2023-01,SUP-SUSP-001,ヨロズ,138,117,84.78,-4.7,2025-12-04 14:09:48
2023-01,SUP-SUSP-002,KYB,73,45,61.64,0.0,2025-12-04 14:09:48
2023-01,SUP-SUSP-003,日立Astemo,112,86,76.79,-4.2,2025-12-04 14:09:48
2023-02,SUP-AMZ-001,アマゾンジャパン合同会社,2,0,0.0,,2025-12-04 14:09:48
2023-02,SUP-AUTO-001,デンソー,205,153,74.63,-3.2,2025-12-04 14:09:48
2023-02,SUP-AUTO-002,アイシン,251,200,79.68,-3.5,2025-12-04 14:09:48
2023-02,SUP-AUTO-003,ジヤトコ,165,119,72.12,-1.3,2025-12-04 14:09:48
2023-02,SUP-ELEC-001,パナソニックオートモーティブシステムズ,162,129,79.63,-5.9,2025-12-04 14:09:48
2023-02,SUP-ELEC-002,ボッシュ,164,114,69.51,-1.9,2025-12-04 14:09:48
2023-02,SUP-EV-001,CATL,173,126,72.83,-2.3,2025-12-04 14:09:48
2023-02,SUP-EV-002,LGエナジーソリューション,110,75,68.18,-1.1,2025-12-04 14:09:48
2023-02,SUP-EV-003,BYD,166,119,71.69,-3.3,2025-12-04 14:09:48
2023-02,SUP-EXHA-001,フタバ産業,203,164,80.79,-4.8,2025-12-04 14:09:48
2023-02,SUP-EXHA-002,日本発条,216,163,75.46,-4.1,2025-12-04 14:09:48
2023-02,SUP-EXHA-003,日本特殊陶業,193,144,74.61,-3.5,2025-12-04 14:09:48
2023-02,SUP-IND-001,インダストリアル商事,4,0,0.0,,2025-12-04 14:09:48
2023-02,SUP-OFC-001,オフィスマート株式会社,4,0,0.0,,2025-12-04 14:09:48
2023-02,SUP-SUSP-001,ヨロズ,173,133,76.88,-3.5,2025-12-04 14:09:48
2023-02,SUP-SUSP-002,KYB,162,116,71.6,-1.3,2025-12-04 14:09:48
2023-02,SUP-SUSP-003,日立Astemo,261,175,67.05,-1.1,2025-12-04 14:09:48
2023-03,SUP-AMZ-001,アマゾンジャパン合同会社,2,0,0.0,,2025-12-04 14:09:48
2023-03,SUP-AUTO-001,デンソー,211,135,63.98,-2.0,2025-12-04 14:09:48
2023-03,SUP-AUTO-002,アイシン,217,117,53.92,1.9,2025-12-04 14:09:48
2023-03,SUP-AUTO-003,ジヤトコ,174,84,48.28,3.0,2025-12-04 14:09:48
2023-03,SUP-ELEC-001,パナソニックオートモーティブシステムズ,168,113,67.26,-2.4,2025-12-04 14:09:48
2023-03,SUP-ELEC-002,ボッシュ,176,89,50.57,2.0,2025-12-04 14:09:48
2023-03,SUP-EV-001,CATL,213,162,76.06,-3.1,2025-12-04 14:09:48
2023-03,SUP-EV-002,LGエナジーソリューション,146,85,58.22,1.1,2025-12-04 14:09:48
2023-03,SUP-EV-003,BYD,194,110,56.7,0.9,2025-12-04 14:09:48
2023-03,SUP-EXHA-001,フタバ産業,251,190,75.7,-4.0,2025-12-04 14:09:48
2023-03,SUP-EXHA-002,日本発条,148,80,54.05,1.5,2025-12-04 14:09:48
2023-03,SUP-EXHA-003,日本特殊陶業,234,166,70.94,-2.6,2025-12-04 14:09:48
2023-03,SUP-IND-001,インダストリアル商事,2,0,0.0,,2025-12-04 14:09:48
2023-03,SUP-OFC-001,オフィスマート株式会社,2,0,0.0,,2025-12-04 14:09:48
2023-03,SUP-SUSP-001,ヨロズ,184,117,63.59,-0.1,2025-12-04 14:09:48
2023-03,SUP-SUSP-002,KYB,149,93,62.42,0.6,2025-12-04 14:09:48
2023-03,SUP-SUSP-003,日立Astemo,288,187,64.93,-0.9,2025-12-04 14:09:48
2023-03,SUP-TEC-001,テックサプライ株式会社,4,0,0.0,,2025-12-04 14:09:48
2023-04,SUP-AMZ-001,アマゾンジャパン合同会社,2,0,0.0,,2025-12-04 14:09:48
2023-04,SUP-AUTO-001,デンソー,202,168,83.17,-7.0,2025-12-04 14:09:48
2023-04,SUP-AUTO-002,アイシン,158,130,82.28,-5.5,2025-12-04 14:09:48
2023-04,SUP-AUTO-003,ジヤトコ,121,63,52.07,1.7,2025-12-04 14:09:48
2023-04,SUP-ELEC-001,パナソニックオートモーティブシステムズ,154,117,75.97,-5.2,2025-12-04 14:09:48
2023-04,SUP-ELEC-002,ボッシュ,68,49,72.06,-5.3,2025-12-04 14:09:48
2023-04,SUP-EV-001,CATL,149,116,77.85,-7.1,2025-12-04 14:09:48
2023-04,SUP-EV-002,LGエナジーソリューション,116,68,58.62,-1.3,2025-12-04 14:09:48
2023-04,SUP-EV-003,BYD,142,118,83.1,-6.0,2025-12-04 14:09:48
2023-04,SUP-EXHA-001,フタバ産業,165,136,82.42,-6.2,2025-12-04 14:09:48
2023-04,SUP-EXHA-002,日本発条,173,145,83.82,-6.1,2025-12-04 14:09:48
2023-04,SUP-EXHA-003,日本特殊陶業,153,108,70.59,-1.9,2025-12-04 14:09:48
2023-04,SUP-IND-001,インダストリアル商事,4,0,0.0,,2025-12-04 14:09:48
2023-04,SUP-OFC-001,オフィスマート株式会社,3,0,0.0,,2025-12-04 14:09:48
2023-04,SUP-SUSP-001,ヨロズ,138,117,84.78,-8.4,2025-12-04 14:09:48
2023-04,SUP-SUSP-002,KYB,132,82,62.12,-2.5,2025-12-04 14:09:48
2023-04,SUP-SUSP-003,日立Astemo,164,126,76.83,-3.4,2025-12-04 14:09:48
2023-05,SUP-AMZ-001,アマゾンジャパン合同会社,2,0,0.0,,2025-12-04 14:09:48
2023-05,SUP-AUTO-001,デンソー,286,198,69.23,-4.3,2025-12-04 14:09:48
2023-05,SUP-AUTO-002,アイシン,242,204,84.3,-6.3,2025-12-04 14:09:48
2023-05,SUP-AUTO-003,ジヤトコ,213,151,70.89,-2.3,2025-12-04 14:09:48
2023-05,SUP-ELEC-001,パナソニックオートモーティブシステムズ,252,176,69.84,-3.3,2025-12-04 14:09:48
2023-05,SUP-ELEC-002,ボッシュ,149,94,63.09,-1.6,2025-12-04 14:09:48
2023-05,SUP-EV-001,CATL,274,233,85.04,-6.9,2025-12-04 14:09:48
2023-05,SUP-EV-002,LGエナジーソリューション,126,86,68.25,-3.3,2025-12-04 14:09:48
2023-05,SUP-EV-003,BYD,239,182,76.15,-4.2,2025-12-04 14:09:48
2023-05,SUP-EXHA-001,フタバ産業,263,218,82.89,-7.3,2025-12-04 14:09:48
2023-05,SUP-EXHA-002,日本発条,203,137,67.49,-4.2,2025-12-04 14:09:48
2023-05,SUP-EXHA-003,日本特殊陶業,176,136,77.27,-5.4,2025-12-04 14:09:48
2023-05,SUP-IND-001,インダストリアル商事,2,0,0.0,,2025-12-04 14:09:48
2023-05,SUP-OFC-001,オフィスマート株式会社,2,0,0.0,,2025-12-04 14:09:48
2023-05,SUP-SUSP-001,ヨロズ,266,196,73.68,-4.0,2025-12-04 14:09:48
2023-05,SUP-SUSP-002,KYB,113,82,72.57,-3.2,2025-12-04 14:09:48
2023-05,SUP-SUSP-003,日立Astemo,198,163,82.32,-6.4,2025-12-04 14:09:48
2023-05,SUP-TEC-001,テックサプライ株式会社,6,0,0.0,,2025-12-04 14:09:48
2023-06,SUP-AMZ-001,アマゾンジャパン合同会社,2,0,0.0,,2025-12-04 14:09:48
2023-06,SUP-AUTO-001,デンソー,238,204,85.71,-4.9,2025-12-04 14:09:48
2023-06,SUP-AUTO-002,アイシン,246,193,78.46,-4.1,2025-12-04 14:09:48
2023-06,SUP-AUTO-003,ジヤトコ,150,82,54.67,-0.4,2025-12-04 14:09:48
2023-06,SUP-ELEC-001,パナソニックオートモーティブシステムズ,204,163,79.9,-4.9,2025-12-04 14:09:48
2023-06,SUP-ELEC-002,ボッシュ,227,158,69.6,-5.3,2025-12-04 14:09:48
2023-06,SUP-EV-001,CATL,261,173,66.28,-2.1,2025-12-04 14:09:48
2023-06,SUP-EV-002,LGエナジーソリューション,81,42,51.85,0.4,2025-12-04 14:09:48
2023-06,SUP-EV-003,BYD,165,139,84.24,-2.5,2025-12-04 14:09:48
2023-06,SUP-EXHA-001,フタバ産業,216,172,79.63,-4.7,2025-12-04 14:09:48
2023-06,SUP-EXHA-002,日本発条,189,150,79.37,-3.4,2025-12-04 14:09:48
2023-06,SUP-EXHA-003,日本特殊陶業,152,109,71.71,-2.4,2025-12-04 14:09:48
2023-06,SUP-IND-001,インダストリアル商事,1,0,0.0,,2025-12-04 14:09:48
2023-06,SUP-OFC-001,オフィスマート株式会社,6,0,0.0,,2025-12-04 14:09:48
2023-06,SUP-SUSP-001,ヨロズ,207,181,87.44,-5.4,2025-12-04 14:09:48
2023-06,SUP-SUSP-002,KYB,129,77,59.69,-1.9,2025-12-04 14:09:48
2023-06,SUP-SUSP-003,日立Astemo,179,142,79.33,-3.9,2025-12-04 14:09:48
2023-06,SUP-TEC-001,テックサプライ株式会社,1,0,0.0,,2025-12-04 14:09:48
2023-07,SUP-AMZ-001,アマゾンジャパン合同会社,1,0,0.0,,2025-12-04 14:09:48
2023-07,SUP-AUTO-001,デンソー,245,150,61.22,0.5,2025-12-04 14:09:48
2023-07,SUP-AUTO-002,アイシン,220,127,57.73,0.6,2025-12-04 14:09:48
2023-07,SUP-AUTO-003,ジヤトコ,151,98,64.9,-1.9,2025-12-04 14:09:48
2023-07,SUP-ELEC-001,パナソニックオートモーティブシステムズ,289,216,74.74,-3.7,2025-12-04 14:09:48
2023-07,SUP-ELEC-002,ボッシュ,260,170,65.38,-2.0,2025-12-04 14:09:48
2023-07,SUP-EV-001,CATL,372,254,68.28,-3.2,2025-12-04 14:09:48
2023-07,SUP-EV-002,LGエナジーソリューション,134,87,64.93,-3.2,2025-12-04 14:09:48
2023-07,SUP-EV-003,BYD,274,196,71.53,-3.7,2025-12-04 14:09:48
2023-07,SUP-EXHA-001,フタバ産業,274,207,75.55,-5.4,2025-12-04 14:09:48
2023-07,SUP-EXHA-002,日本発条,233,163,69.96,-1.8,2025-12-04 14:09:48
2023-07,SUP-EXHA-003,日本特殊陶業,289,196,67.82,-3.1,2025-12-04 14:09:48
2023-07,SUP-IND-001,インダストリアル商事,2,0,0.0,,2025-12-04 14:09:48
2023-07,SUP-SUSP-001,ヨロズ,181,123,67.96,-2.7,2025-12-04 14:09:48
2023-07,SUP-SUSP-002,KYB,188,119,63.3,-2.6,2025-12-04 14:09:48
2023-07,SUP-SUSP-003,日立Astemo,250,179,71.6,-4.3,2025-12-04 14:09:48
2023-07,SUP-TEC-001,テックサプライ株式会社,5,0,0.0,,2025-12-04 14:09:48
2023-08,SUP-AMZ-001,アマゾンジャパン合同会社,4,0,0.0,,2025-12-04 14:09:48
2023-08,SUP-AUTO-001,デンソー,137,98,71.53,-5.0,2025-12-04 14:09:48
2023-08,SUP-AUTO-002,アイシン,119,86,72.27,-4.7,2025-12-04 14:09:48
2023-08,SUP-AUTO-003,ジヤトコ,68,26,38.24,4.6,2025-12-04 14:09:48
2023-08,SUP-ELEC-001,パナソニックオートモーティブシステムズ,85,57,67.06,-6.8,2025-12-04 14:09:48
2023-08,SUP-ELEC-002,ボッシュ,92,61,66.3,-0.4,2025-12-04 14:09:48
2023-08,SUP-EV-001,CATL,100,72,72.0,-8.8,2025-12-04 14:09:48
2023-08,SUP-EV-002,LGエナジーソリューション,58,40,68.97,-4.1,2025-12-04 14:09:48
2023-08,SUP-EV-003,BYD,127,109,85.83,-9.8,2025-12-04 14:09:48
2023-08,SUP-EXHA-001,フタバ産業,71,44,61.97,-1.6,2025-12-04 14:09:48
2023-08,SUP-EXHA-002,日本発条,115,97,84.35,-9.7,2025-12-04 14:09:48
2023-08,SUP-EXHA-003,日本特殊陶業,103,84,81.55,-7.5,2025-12-04 14:09:48
2023-08,SUP-IND-001,インダストリアル商事,3,0,0.0,,2025-12-04 14:09:48
2023-08,SUP-OFC-001,オフィスマート株式会社,2,0,0.0,,2025-12-04 14:09:48
2023-08,SUP-SUSP-001,ヨロズ,169,137,81.07,-8.0,2025-12-04 14:09:48
2023-08,SUP-SUSP-002,KYB,60,45,75.0,-3.3,2025-12-04 14:09:48
2023-08,SUP-SUSP-003,日立Astemo,84,67,79.76,-7.2,2025-12-04 14:09:48
2023-08,SUP-TEC-001,テックサプライ株式会社,2,0,0.0,,2025-12-04 14:09:48
2023-09,SUP-AMZ-001,アマゾンジャパン合同会社,2,0,0.0,,2025-12-04 14:09:48
2023-09,SUP-AUTO-001,デンソー,160,95,59.38,0.1,2025-12-04 14:09:48
2023-09,SUP-AUTO-002,アイシン,187,115,61.5,-1.2,2025-12-04 14:09:48
2023-09,SUP-AUTO-003,ジヤトコ,124,72,58.06,-0.5,2025-12-04 14:09:48
2023-09,SUP-ELEC-001,パナソニックオートモーティブシステムズ,146,106,72.6,-4.4,2025-12-04 14:09:48
2023-09,SUP-ELEC-002,ボッシュ,112,64,57.14,-0.3,2025-12-04 14:09:48
2023-09,SUP-EV-001,CATL,167,101,60.48,-0.8,2025-12-04 14:09:48
2023-09,SUP-EV-002,LGエナジーソリューション,137,71,51.82,0.8,2025-12-04 14:09:48
2023-09,SUP-EV-003,BYD,163,127,77.91,-4.8,2025-12-04 14:09:48
2023-09,SUP-EXHA-001,フタバ産業,193,113,58.55,0.9,2025-12-04 14:09:48
2023-09,SUP-EXHA-002,日本発条,132,82,62.12,-0.1,2025-12-04 14:09:48
2023-09,SUP-EXHA-003,日本特殊陶業,168,110,65.48,-2.6,2025-12-04 14:09:48
2023-09,SUP-IND-001,インダストリアル商事,4,0,0.0,,2025-12-04 14:09:48
2023-09,SUP-OFC-001,オフィスマート株式会社,2,0,0.0,,2025-12-04 14:09:48
2023-09,SUP-SUSP-001,ヨロズ,129,88,68.22,-3.4,2025-12-04 14:09:48
2023-09,SUP-SUSP-002,KYB,125,92,73.6,-4.1,2025-12-04 14:09:48
2023-09,SUP-SUSP-003,日立Astemo,222,135,60.81,-0.2,2025-12-04 14:09:48
2023-09,SUP-TEC-001,テックサプライ株式会社,2,0,0.0,,2025-12-04 14:09:48
2023-10,SUP-AMZ-001,アマゾンジャパン合同会社,1,0,0.0,,2025-12-04 14:09:48
2023-10,SUP-AUTO-001,デンソー,201,130,64.68,-2.3,2025-12-04 14:09:48
2023-10,SUP-AUTO-002,アイシン,135,85,62.96,-1.9,2025-12-04 14:09:48
2023-10,SUP-AUTO-003,ジヤトコ,78,45,57.69,1.5,2025-12-04 14:09:48
2023-10,SUP-ELEC-001,パナソニックオートモーティブシステムズ,160,109,68.13,-2.3,2025-12-04 14:09:48
2023-10,SUP-ELEC-002,ボッシュ,125,85,68.0,-2.3,2025-12-04 14:09:48
2023-10,SUP-EV-001,CATL,166,118,71.08,-3.0,2025-12-04 14:09:48
2023-10,SUP-EV-002,LGエナジーソリューション,237,151,63.71,-0.6,2025-12-04 14:09:48
2023-10,SUP-EV-003,BYD,130,86,66.15,-2.5,2025-12-04 14:09:48
2023-10,SUP-EXHA-001,フタバ産業,183,119,65.03,-2.0,2025-12-04 14:09:48
2023-10,SUP-EXHA-002,日本発条,116,93,80.17,-6.2,2025-12-04 14:09:48
2023-10,SUP-EXHA-003,日本特殊陶業,216,149,68.98,-1.5,2025-12-04 14:09:48
2023-10,SUP-IND-001,インダストリアル商事,4,0,0.0,,2025-12-04 14:09:48
2023-10,SUP-OFC-001,オフィスマート株式会社,1,0,0.0,,2025-12-04 14:09:48
2023-10,SUP-SUSP-001,ヨロズ,188,125,66.49,-1.7,2025-12-04 14:09:48
2023-10,SUP-SUSP-002,KYB,111,70,63.06,-0.2,2025-12-04 14:09:48
2023-10,SUP-SUSP-003,日立Astemo,167,114,68.26,-2.1,2025-12-04 14:09:48
2023-10,SUP-TEC-001,テックサプライ株式会社,4,0,0.0,,2025-12-04 14:09:48
2023-11,SUP-AUTO-001,デンソー,197,150,76.14,-2.2,2025-12-04 14:09:48
2023-11,SUP-AUTO-002,アイシン,123,81,65.85,0.5,2025-12-04 14:09:48
2023-11,SUP-AUTO-003,ジヤトコ,139,92,66.19,-0.9,2025-12-04 14:09:48
2023-11,SUP-ELEC-001,パナソニックオートモーティブシステムズ,169,113,66.86,1.0,2025-12-04 14:09:48
2023-11,SUP-ELEC-002,ボッシュ,68,38,55.88,-1.2,2025-12-04 14:09:48
2023-11,SUP-EV-001,CATL,144,103,71.53,-2.8,2025-12-04 14:09:48
2023-11,SUP-EV-002,LGエナジーソリューション,50,28,56.0,1.0,2025-12-04 14:09:48
2023-11,SUP-EV-003,BYD,174,132,75.86,-1.3,2025-12-04 14:09:48
2023-11,SUP-EXHA-001,フタバ産業,174,131,75.29,-1.6,2025-12-04 14:09:48
2023-11,SUP-EXHA-002,日本発条,188,123,65.43,0.4,2025-12-04 14:09:48
2023-11,SUP-EXHA-003,日本特殊陶業,191,111,58.12,2.7,2025-12-04 14:09:48
2023-11,SUP-IND-001,インダストリアル商事,4,0,0.0,,2025-12-04 14:09:48
2023-11,SUP-OFC-001,オフィスマート株式会社,1,0,0.0,,2025-12-04 14:09:48
2023-11,SUP-SUSP-001,ヨロズ,200,155,77.5,-1.8,2025-12-04 14:09:48
2023-11,SUP-SUSP-002,KYB,103,62,60.19,-0.8,2025-12-04 14:09:48
2023-11,SUP-SUSP-003,日立Astemo,154,92,59.74,-0.3,2025-12-04 14:09:48
2023-11,SUP-TEC-001,テックサプライ株式会社,4,0,0.0,,2025-12-04 14:09:48
2023-12,SUP-AMZ-001,アマゾンジャパン合同会社,3,0,0.0,,2025-12-04 14:09:48
2023-12,SUP-AUTO-001,デンソー,121,69,57.02,-2.1,2025-12-04 14:09:48
2023-12,SUP-AUTO-002,アイシン,116,78,67.24,-1.4,2025-12-04 14:09:48
2023-12,SUP-AUTO-003,ジヤトコ,122,70,57.38,0.4,2025-12-04 14:09:48
2023-12,SUP-ELEC-001,パナソニックオートモーティブシステムズ,95,64,67.37,-4.7,2025-12-04 14:09:48
2023-12,SUP-ELEC-002,ボッシュ,59,35,59.32,-2.1,2025-12-04 14:09:48
2023-12,SUP-EV-001,CATL,117,85,72.65,-4.6,2025-12-04 14:09:48
2023-12,SUP-EV-002,LGエナジーソリューション,83,44,53.01,0.6,2025-12-04 14:09:48
2023-12,SUP-EV-003,BYD,135,85,62.96,-2.7,2025-12-04 14:09:48
2023-12,SUP-EXHA-001,フタバ産業,115,79,68.7,-0.2,2025-12-04 14:09:48
2023-12,SUP-EXHA-002,日本発条,167,113,67.66,-2.8,2025-12-04 14:09:48
2023-12,SUP-EXHA-003,日本特殊陶業,123,73,59.35,-1.5,2025-12-04 14:09:48
2023-12,SUP-OFC-001,オフィスマート株式会社,7,0,0.0,,2025-12-04 14:09:48
2023-12,SUP-SUSP-001,ヨロズ,104,75,72.12,-2.3,2025-12-04 14:09:48
2023-12,SUP-SUSP-002,KYB,78,50,64.1,-2.7,2025-12-04 14:09:48
2023-12,SUP-SUSP-003,日立Astemo,126,80,63.49,-1.8,2025-12-04 14:09:48
2024-01,SUP-AMZ-001,アマゾンジャパン合同会社,2,0,0.0,,2025-12-04 14:09:48
2024-01,SUP-AUTO-001,デンソー,248,172,69.35,-1.0,2025-12-04 14:09:48
2024-01,SUP-AUTO-002,アイシン,213,154,72.3,-2.5,2025-12-04 14:09:48
2024-01,SUP-AUTO-003,ジヤトコ,81,42,51.85,2.2,2025-12-04 14:09:48
2024-01,SUP-ELEC-001,パナソニックオートモーティブシステムズ,209,106,50.72,2.5,2025-12-04 14:09:48
2024-01,SUP-ELEC-002,ボッシュ,178,62,34.83,5.7,2025-12-04 14:09:48
2024-01,SUP-EV-001,CATL,239,103,43.1,6.1,2025-12-04 14:09:48
2024-01,SUP-EV-002,LGエナジーソリューション,140,70,50.0,2.8,2025-12-04 14:09:48
2024-01,SUP-EV-003,BYD,187,129,68.98,-2.3,2025-12-04 14:09:48
2024-01,SUP-EXHA-001,フタバ産業,154,102,66.23,0.4,2025-12-04 14:09:48
2024-01,SUP-EXHA-002,日本発条,164,103,62.8,0.2,2025-12-04 14:09:48
2024-01,SUP-EXHA-003,日本特殊陶業,192,122,63.54,-0.5,2025-12-04 14:09:48
2024-01,SUP-IND-001,インダストリアル商事,2,0,0.0,,2025-12-04 14:09:48
2024-01,SUP-OFC-001,オフィスマート株式会社,3,0,0.0,,2025-12-04 14:09:48
2024-01,SUP-SUSP-001,ヨロズ,177,114,64.41,0.7,2025-12-04 14:09:48
2024-01,SUP-SUSP-002,KYB,48,33,68.75,-2.6,2025-12-04 14:09:48
2024-01,SUP-SUSP-003,日立Astemo,228,168,73.68,-3.7,2025-12-04 14:09:48
2024-01,SUP-TEC-001,テックサプライ株式会社,2,0,0.0,,2025-12-04 14:09:48
2024-02,SUP-AMZ-001,アマゾンジャパン合同会社,2,0,0.0,,2025-12-04 14:09:48
2024-02,SUP-AUTO-001,デンソー,143,93,65.03,-0.7,2025-12-04 14:09:48
2024-02,SUP-AUTO-002,アイシン,141,112,79.43,-1.5,2025-12-04 14:09:48
2024-02,SUP-AUTO-003,ジヤトコ,104,46,44.23,3.9,2025-12-04 14:09:48
2024-02,SUP-ELEC-001,パナソニックオートモーティブシステムズ,146,97,66.44,-0.4,2025-12-04 14:09:48
2024-02,SUP-ELEC-002,ボッシュ,35,12,34.29,6.3,2025-12-04 14:09:48
2024-02,SUP-EV-001,CATL,198,129,65.15,-0.4,2025-12-04 14:09:48
2024-02,SUP-EV-002,LGエナジーソリューション,59,30,50.85,3.8,2025-12-04 14:09:48
2024-02,SUP-EV-003,BYD,159,112,70.44,-1.0,2025-12-04 14:09:48
2024-02,SUP-EXHA-001,フタバ産業,151,123,81.46,-2.3,2025-12-04 14:09:48
2024-02,SUP-EXHA-002,日本発条,138,78,56.52,1.7,2025-12-04 14:09:48
2024-02,SUP-EXHA-003,日本特殊陶業,147,100,68.03,-1.7,2025-12-04 14:09:48
2024-02,SUP-OFC-001,オフィスマート株式会社,5,0,0.0,,2025-12-04 14:09:48
2024-02,SUP-SUSP-001,ヨロズ,143,102,71.33,-1.8,2025-12-04 14:09:48
2024-02,SUP-SUSP-002,KYB,81,38,46.91,3.2,2025-12-04 14:09:48
2024-02,SUP-SUSP-003,日立Astemo,154,99,64.29,0.3,2025-12-04 14:09:48
2024-02,SUP-TEC-001,テックサプライ株式会社,4,0,0.0,,2025-12-04 14:09:48
2024-03,SUP-AMZ-001,アマゾンジャパン合同会社,2,0,0.0,,2025-12-04 14:09:48
2024-03,SUP-AUTO-001,デンソー,103,64,62.14,-1.4,2025-12-04 14:09:48
2024-03,SUP-AUTO-002,アイシン,166,140,84.34,-7.0,2025-12-04 14:09:48
2024-03,SUP-AUTO-003,ジヤトコ,118,81,68.64,-2.6,2025-12-04 14:09:48
2024-03,SUP-ELEC-001,パナソニックオートモーティブシステムズ,173,120,69.36,-2.1,2025-12-04 14:09:48
2024-03,SUP-ELEC-002,ボッシュ,101,75,74.26,-6.0,2025-12-04 14:09:48
2024-03,SUP-EV-001,CATL,169,123,72.78,-3.9,2025-12-04 14:09:48
2024-03,SUP-EV-002,LGエナジーソリューション,90,64,71.11,-3.8,2025-12-04 14:09:48
2024-03,SUP-EV-003,BYD,197,136,69.04,-2.1,2025-12-04 14:09:48
2024-03,SUP-EXHA-001,フタバ産業,120,100,83.33,-5.8,2025-12-04 14:09:48
2024-03,SUP-EXHA-002,日本発条,179,134,74.86,-6.5,2025-12-04 14:09:48
2024-03,SUP-EXHA-003,日本特殊陶業,202,145,71.78,-4.5,2025-12-04 14:09:48
2024-03,SUP-IND-001,インダストリアル商事,3,0,0.0,,2025-12-04 14:09:48
2024-03,SUP-SUSP-001,ヨロズ,185,142,76.76,-4.7,2025-12-04 14:09:48
2024-03,SUP-SUSP-002,KYB,107,65,60.75,0.0,2025-12-04 14:09:48
2024-03,SUP-SUSP-003,日立Astemo,201,143,71.14,-3.6,2025-12-04 14:09:48
2024-03,SUP-TEC-001,テックサプライ株式会社,2,0,0.0,,2025-12-04 14:09:48
2024-04,SUP-AMZ-001,アマゾンジャパン合同会社,3,0,0.0,,2025-12-04 14:09:48
2024-04,SUP-AUTO-001,デンソー,149,106,71.14,-1.8,2025-12-04 14:09:48
2024-04,SUP-AUTO-002,アイシン,167,110,65.87,-0.1,2025-12-04 14:09:48
2024-04,SUP-AUTO-003,ジヤトコ,132,96,72.73,-3.6,2025-12-04 14:09:48
2024-04,SUP-ELEC-001,パナソニックオートモーティブシステムズ,156,111,71.15,-1.0,2025-12-04 14:09:48
2024-04,SUP-ELEC-002,ボッシュ,112,78,69.64,-1.6,2025-12-04 14:09:48
2024-04,SUP-EV-001,CATL,124,92,74.19,-5.8,2025-12-04 14:09:48
2024-04,SUP-EV-002,LGエナジーソリューション,172,114,66.28,-1.4,2025-12-04 14:09:48
2024-04,SUP-EV-003,BYD,84,49,58.33,1.1,2025-12-04 14:09:48
2024-04,SUP-EXHA-001,フタバ産業,131,85,64.89,-2.4,2025-12-04 14:09:48
2024-04,SUP-EXHA-002,日本発条,265,192,72.45,-1.1,2025-12-04 14:09:48
2024-04,SUP-EXHA-003,日本特殊陶業,167,131,78.44,-2.8,2025-12-04 14:09:48
2024-04,SUP-IND-001,インダストリアル商事,2,0,0.0,,2025-12-04 14:09:48
2024-04,SUP-OFC-001,オフィスマート株式会社,1,0,0.0,,2025-12-04 14:09:48
2024-04,SUP-SUSP-001,ヨロズ,203,142,69.95,-2.0,2025-12-04 14:09:48
2024-04,SUP-SUSP-002,KYB,60,39,65.0,0.6,2025-12-04 14:09:48
2024-04,SUP-SUSP-003,日立Astemo,165,132,80.0,-4.1,2025-12-04 14:09:48
2024-04,SUP-TEC-001,テックサプライ株式会社,4,0,0.0,,2025-12-04 14:09:48
2024-05,SUP-AMZ-001,アマゾンジャパン合同会社,2,0,0.0,,2025-12-04 14:09:48
2024-05,SUP-AUTO-001,デンソー,189,151,79.89,-6.3,2025-12-04 14:09:48
2024-05,SUP-AUTO-002,アイシン,155,121,78.06,-4.6,2025-12-04 14:09:48
2024-05,SUP-AUTO-003,ジヤトコ,64,43,67.19,-3.8,2025-12-04 14:09:48
2024-05,SUP-ELEC-001,パナソニックオートモーティブシステムズ,89,68,76.4,-3.8,2025-12-04 14:09:48
2024-05,SUP-ELEC-002,ボッシュ,121,73,60.33,-1.8,2025-12-04 14:09:48
2024-05,SUP-EV-001,CATL,201,164,81.59,-5.4,2025-12-04 14:09:48
2024-05,SUP-EV-002,LGエナジーソリューション,67,34,50.75,0.8,2025-12-04 14:09:48
2024-05,SUP-EV-003,BYD,91,77,84.62,-7.2,2025-12-04 14:09:48
2024-05,SUP-EXHA-001,フタバ産業,188,152,80.85,-6.6,2025-12-04 14:09:48
2024-05,SUP-EXHA-002,日本発条,134,81,60.45,-1.0,2025-12-04 14:09:48
2024-05,SUP-EXHA-003,日本特殊陶業,186,127,68.28,-3.1,2025-12-04 14:09:48
2024-05,SUP-IND-001,インダストリアル商事,1,0,0.0,,2025-12-04 14:09:48
2024-05,SUP-OFC-001,オフィスマート株式会社,5,0,0.0,,2025-12-04 14:09:48
2024-05,SUP-SUSP-001,ヨロズ,82,56,68.29,-1.6,2025-12-04 14:09:48
2024-05,SUP-SUSP-002,KYB,113,79,69.91,-3.7,2025-12-04 14:09:48
2024-05,SUP-SUSP-003,日立Astemo,113,84,74.34,-5.7,2025-12-04 14:09:48
2024-05,SUP-TEC-001,テックサプライ株式会社,2,0,0.0,,2025-12-04 14:09:48
2024-06,SUP-AUTO-001,デンソー,136,105,77.21,-8.3,2025-12-04 14:09:48
2024-06,SUP-AUTO-002,アイシン,141,91,64.54,-3.2,2025-12-04 14:09:48
2024-06,SUP-AUTO-003,ジヤトコ,69,51,73.91,-5.6,2025-12-04 14:09:48
2024-06,SUP-ELEC-001,パナソニックオートモーティブシステムズ,175,118,67.43,-4.7,2025-12-04 14:09:48
2024-06,SUP-ELEC-002,ボッシュ,106,50,47.17,1.9,2025-12-04 14:09:48
2024-06,SUP-EV-001,CATL,148,103,69.59,-5.4,2025-12-04 14:09:48
2024-06,SUP-EV-002,LGエナジーソリューション,76,37,48.68,3.7,2025-12-04 14:09:48
2024-06,SUP-EV-003,BYD,128,83,64.84,-3.1,2025-12-04 14:09:48
2024-06,SUP-EXHA-001,フタバ産業,132,84,63.64,-3.7,2025-12-04 14:09:48
2024-06,SUP-EXHA-002,日本発条,103,72,69.9,-6.7,2025-12-04 14:09:48
2024-06,SUP-EXHA-003,日本特殊陶業,104,78,75.0,-7.2,2025-12-04 14:09:48
2024-06,SUP-IND-001,インダストリアル商事,1,0,0.0,,2025-12-04 14:09:48
2024-06,SUP-OFC-001,オフィスマート株式会社,4,0,0.0,,2025-12-04 14:09:48
2024-06,SUP-SUSP-001,ヨロズ,121,79,65.29,-3.4,2025-12-04 14:09:48
2024-06,SUP-SUSP-002,KYB,134,97,72.39,-4.8,2025-12-04 14:09:48
2024-06,SUP-SUSP-003,日立Astemo,120,77,64.17,-6.1,2025-12-04 14:09:48
2024-06,SUP-TEC-001,テックサプライ株式会社,2,0,0.0,,2025-12-04 14:09:48
2024-07,SUP-AMZ-001,アマゾンジャパン合同会社,2,0,0.0,,2025-12-04 14:09:48
2024-07,SUP-AUTO-001,デンソー,148,104,70.27,-2.1,2025-12-04 14:09:48
2024-07,SUP-AUTO-002,アイシン,172,106,61.63,-0.7,2025-12-04 14:09:48
2024-07,SUP-AUTO-003,ジヤトコ,73,28,38.36,5.8,2025-12-04 14:09:48
2024-07,SUP-ELEC-001,パナソニックオートモーティブシステムズ,166,121,72.89,-2.3,2025-12-04 14:09:48
2024-07,SUP-ELEC-002,ボッシュ,102,46,45.1,4.3,2025-12-04 14:09:48
2024-07,SUP-EV-001,CATL,170,123,72.35,-2.1,2025-12-04 14:09:48
2024-07,SUP-EV-002,LGエナジーソリューション,130,91,70.0,-2.3,2025-12-04 14:09:48
2024-07,SUP-EV-003,BYD,251,168,66.93,0.9,2025-12-04 14:09:48
2024-07,SUP-EXHA-001,フタバ産業,154,117,75.97,-2.1,2025-12-04 14:09:48
2024-07,SUP-EXHA-002,日本発条,177,121,68.36,-1.5,2025-12-04 14:09:48
2024-07,SUP-EXHA-003,日本特殊陶業,120,84,70.0,-2.8,2025-12-04 14:09:48
2024-07,SUP-IND-001,インダストリアル商事,4,0,0.0,,2025-12-04 14:09:48
2024-07,SUP-OFC-001,オフィスマート株式会社,2,0,0.0,,2025-12-04 14:09:48
2024-07,SUP-SUSP-001,ヨロズ,173,146,84.39,-5.2,2025-12-04 14:09:48
2024-07,SUP-SUSP-002,KYB,193,119,61.66,-1.4,2025-12-04 14:09:48
2024-07,SUP-SUSP-003,日立Astemo,171,124,72.51,-2.4,2025-12-04 14:09:48
2024-07,SUP-TEC-001,テックサプライ株式会社,1,0,0.0,,2025-12-04 14:09:48
2024-08,SUP-AMZ-001,アマゾンジャパン合同会社,3,0,0.0,,2025-12-04 14:09:48
2024-08,SUP-AUTO-001,デンソー,190,140,73.68,0.0,2025-12-04 14:09:48
2024-08,SUP-AUTO-002,アイシン,229,153,66.81,0.9,2025-12-04 14:09:48
2024-08,SUP-AUTO-003,ジヤトコ,223,140,62.78,0.3,2025-12-04 14:09:48
2024-08,SUP-ELEC-001,パナソニックオートモーティブシステムズ,193,115,59.59,1.2,2025-12-04 14:09:48
2024-08,SUP-ELEC-002,ボッシュ,154,102,66.23,-2.0,2025-12-04 14:09:48
2024-08,SUP-EV-001,CATL,298,199,66.78,0.3,2025-12-04 14:09:48
2024-08,SUP-EV-002,LGエナジーソリューション,311,208,66.88,-0.4,2025-12-04 14:09:48
2024-08,SUP-EV-003,BYD,236,176,74.58,-1.9,2025-12-04 14:09:48
2024-08,SUP-EXHA-001,フタバ産業,214,137,64.02,-0.5,2025-12-04 14:09:48
2024-08,SUP-EXHA-002,日本発条,306,213,69.61,-0.1,2025-12-04 14:09:48
2024-08,SUP-EXHA-003,日本特殊陶業,258,192,74.42,-0.3,2025-12-04 14:09:48
2024-08,SUP-OFC-001,オフィスマート株式会社,2,0,0.0,,2025-12-04 14:09:48
2024-08,SUP-SUSP-001,ヨロズ,294,216,73.47,-0.3,2025-12-04 14:09:48
2024-08,SUP-SUSP-002,KYB,243,160,65.84,-1.0,2025-12-04 14:09:48
2024-08,SUP-SUSP-003,日立Astemo,258,188,72.87,-2.1,2025-12-04 14:09:48
2024-08,SUP-TEC-001,テックサプライ株式会社,5,0,0.0,,2025-12-04 14:09:48
2024-09,SUP-AMZ-001,アマゾンジャパン合同会社,4,0,0.0,,2025-12-04 14:09:48
2024-09,SUP-AUTO-001,デンソー,314,201,64.01,-0.9,2025-12-04 14:09:48
2024-09,SUP-AUTO-002,アイシン,219,138,63.01,-2.1,2025-12-04 14:09:48
2024-09,SUP-AUTO-003,ジヤトコ,106,49,46.23,2.5,2025-12-04 14:09:48
2024-09,SUP-ELEC-001,パナソニックオートモーティブシステムズ,235,140,59.57,0.8,2025-12-04 14:09:48
2024-09,SUP-ELEC-002,ボッシュ,137,80,58.39,1.0,2025-12-04 14:09:48
2024-09,SUP-EV-001,CATL,230,128,55.65,0.9,2025-12-04 14:09:48
2024-09,SUP-EV-002,LGエナジーソリューション,159,105,66.04,-1.0,2025-12-04 14:09:48
2024-09,SUP-EV-003,BYD,221,131,59.28,-1.2,2025-12-04 14:09:48
2024-09,SUP-EXHA-001,フタバ産業,181,143,79.01,-5.4,2025-12-04 14:09:48
2024-09,SUP-EXHA-002,日本発条,297,237,79.8,-3.7,2025-12-04 14:09:48
2024-09,SUP-EXHA-003,日本特殊陶業,250,187,74.8,-4.1,2025-12-04 14:09:48
2024-09,SUP-OFC-001,オフィスマート株式会社,4,0,0.0,,2025-12-04 14:09:48
2024-09,SUP-SUSP-001,ヨロズ,226,160,70.8,-1.9,2025-12-04 14:09:48
2024-09,SUP-SUSP-002,KYB,131,83,63.36,-1.0,2025-12-04 14:09:48
2024-09,SUP-SUSP-003,日立Astemo,295,184,62.37,0.3,2025-12-04 14:09:48
2024-09,SUP-TEC-001,テックサプライ株式会社,2,0,0.0,,2025-12-04 14:09:48
2024-10,SUP-AUTO-001,デンソー,328,169,51.52,2.4,2025-12-04 14:09:48
2024-10,SUP-AUTO-002,アイシン,292,190,65.07,-1.9,2025-12-04 14:09:48
2024-10,SUP-AUTO-003,ジヤトコ,225,122,54.22,1.9,2025-12-04 14:09:48
2024-10,SUP-ELEC-001,パナソニックオートモーティブシステムズ,230,130,56.52,0.9,2025-12-04 14:09:48
2024-10,SUP-ELEC-002,ボッシュ,190,106,55.79,-0.1,2025-12-04 14:09:48
2024-10,SUP-EV-001,CATL,220,112,50.91,2.3,2025-12-04 14:09:48
2024-10,SUP-EV-002,LGエナジーソリューション,241,107,44.4,2.9,2025-12-04 14:09:48
2024-10,SUP-EV-003,BYD,219,129,58.9,0.2,2025-12-04 14:09:48
2024-10,SUP-EXHA-001,フタバ産業,253,142,56.13,0.3,2025-12-04 14:09:48
2024-10,SUP-EXHA-002,日本発条,255,139,54.51,-0.1,2025-12-04 14:09:48
2024-10,SUP-EXHA-003,日本特殊陶業,240,143,59.58,-1.0,2025-12-04 14:09:48
2024-10,SUP-IND-001,インダストリアル商事,3,0,0.0,,2025-12-04 14:09:48
2024-10,SUP-OFC-001,オフィスマート株式会社,2,0,0.0,,2025-12-04 14:09:48
2024-10,SUP-SUSP-001,ヨロズ,317,141,44.48,3.2,2025-12-04 14:09:48
2024-10,SUP-SUSP-002,KYB,173,76,43.93,3.4,2025-12-04 14:09:48
2024-10,SUP-SUSP-003,日立Astemo,212,156,73.58,-3.2,2025-12-04 14:09:48
2024-10,SUP-TEC-001,テックサプライ株式会社,5,0,0.0,,2025-12-04 14:09:48
2024-11,SUP-AUTO-001,デンソー,223,167,74.89,-5.2,2025-12-04 14:09:48
2024-11,SUP-AUTO-002,アイシン,267,184,68.91,-3.7,2025-12-04 14:09:48
2024-11,SUP-AUTO-003,ジヤトコ,142,102,71.83,-3.5,2025-12-04 14:09:48
2024-11,SUP-ELEC-001,パナソニックオートモーティブシステムズ,124,99,79.84,-7.3,2025-12-04 14:09:48
2024-11,SUP-ELEC-002,ボッシュ,110,73,66.36,-2.7,2025-12-04 14:09:48
2024-11,SUP-EV-001,CATL,240,183,76.25,-4.8,2025-12-04 14:09:48
2024-11,SUP-EV-002,LGエナジーソリューション,125,72,57.6,1.4,2025-12-04 14:09:48
2024-11,SUP-EV-003,BYD,199,146,73.37,-4.7,2025-12-04 14:09:48
2024-11,SUP-EXHA-001,フタバ産業,209,147,70.33,-4.2,2025-12-04 14:09:48
2024-11,SUP-EXHA-002,日本発条,170,121,71.18,-4.4,2025-12-04 14:09:48
2024-11,SUP-EXHA-003,日本特殊陶業,284,198,69.72,-3.5,2025-12-04 14:09:48
2024-11,SUP-IND-001,インダストリアル商事,2,0,0.0,,2025-12-04 14:09:48
2024-11,SUP-OFC-001,オフィスマート株式会社,2,0,0.0,,2025-12-04 14:09:48
2024-11,SUP-SUSP-001,ヨロズ,225,149,66.22,-3.8,2025-12-04 14:09:48
2024-11,SUP-SUSP-002,KYB,96,54,56.25,-0.1,2025-12-04 14:09:48
2024-11,SUP-SUSP-003,日立Astemo,146,109,74.66,-5.3,2025-12-04 14:09:48
2024-11,SUP-TEC-001,テックサプライ株式会社,4,0,0.0,,2025-12-04 14:09:48
2024-12,SUP-AMZ-001,アマゾンジャパン合同会社,1,0,0.0,,2025-12-04 14:09:48
2024-12,SUP-AUTO-001,デンソー,183,117,63.93,-0.9,2025-12-04 14:09:48
2024-12,SUP-AUTO-002,アイシン,138,86,62.32,-0.7,2025-12-04 14:09:48
2024-12,SUP-AUTO-003,ジヤトコ,134,74,55.22,1.6,2025-12-04 14:09:48
2024-12,SUP-ELEC-001,パナソニックオートモーティブシステムズ,143,95,66.43,-2.1,2025-12-04 14:09:48
2024-12,SUP-ELEC-002,ボッシュ,173,87,50.29,1.3,2025-12-04 14:09:48
2024-12,SUP-EV-001,CATL,195,133,68.21,-2.0,2025-12-04 14:09:48
2024-12,SUP-EV-002,LGエナジーソリューション,108,60,55.56,-0.3,2025-12-04 14:09:48
2024-12,SUP-EV-003,BYD,136,89,65.44,-1.7,2025-12-04 14:09:48
2024-12,SUP-EXHA-001,フタバ産業,216,159,73.61,-5.1,2025-12-04 14:09:48
2024-12,SUP-EXHA-002,日本発条,208,139,66.83,-1.2,2025-12-04 14:09:48
2024-12,SUP-EXHA-003,日本特殊陶業,201,145,72.14,-2.9,2025-12-04 14:09:48
2024-12,SUP-IND-001,インダストリアル商事,2,0,0.0,,2025-12-04 14:09:48
2024-12,SUP-OFC-001,オフィスマート株式会社,3,0,0.0,,2025-12-04 14:09:48
2024-12,SUP-SUSP-001,ヨロズ,150,107,71.33,-1.7,2025-12-04 14:09:48
2024-12,SUP-SUSP-002,KYB,117,70,59.83,0.7,2025-12-04 14:09:48
2024-12,SUP-SUSP-003,日立Astemo,173,109,63.01,0.3,2025-12-04 14:09:48
2024-12,SUP-TEC-001,テックサプライ株式会社,2,0,0.0,,2025-12-04 14:09:48
2025-01,SUP-AUTO-001,デンソー,169,105,62.13,-1.0,2025-12-04 14:09:48
2025-01,SUP-AUTO-002,アイシン,122,67,54.92,1.6,2025-12-04 14:09:48
2025-01,SUP-AUTO-003,ジヤトコ,73,42,57.53,4.0,2025-12-04 14:09:48
2025-01,SUP-ELEC-001,パナソニックオートモーティブシステムズ,238,156,65.55,0.8,2025-12-04 14:09:48
2025-01,SUP-ELEC-002,ボッシュ,122,97,79.51,-3.0,2025-12-04 14:09:48
2025-01,SUP-EV-001,CATL,134,78,58.21,1.5,2025-12-04 14:09:48
2025-01,SUP-EV-002,LGエナジーソリューション,101,57,56.44,1.9,2025-12-04 14:09:48
2025-01,SUP-EV-003,BYD,202,139,68.81,-1.7,2025-12-04 14:09:48
2025-01,SUP-EXHA-001,フタバ産業,116,62,53.45,2.8,2025-12-04 14:09:48
2025-01,SUP-EXHA-002,日本発条,227,146,64.32,-0.2,2025-12-04 14:09:48
2025-01,SUP-EXHA-003,日本特殊陶業,140,98,70.0,-2.8,2025-12-04 14:09:48
2025-01,SUP-IND-001,インダストリアル商事,4,0,0.0,,2025-12-04 14:09:48
2025-01,SUP-OFC-001,オフィスマート株式会社,5,0,0.0,,2025-12-04 14:09:48
2025-01,SUP-SUSP-001,ヨロズ,129,75,58.14,-0.4,2025-12-04 14:09:48
2025-01,SUP-SUSP-002,KYB,145,71,48.97,4.7,2025-12-04 14:09:48
2025-01,SUP-SUSP-003,日立Astemo,180,102,56.67,1.7,2025-12-04 14:09:48
2025-01,SUP-TEC-001,テックサプライ株式会社,2,0,0.0,,2025-12-04 14:09:48
2025-02,SUP-AMZ-001,アマゾンジャパン合同会社,5,0,0.0,,2025-12-04 14:09:48
2025-02,SUP-AUTO-001,デンソー,190,137,72.11,-2.7,2025-12-04 14:09:48
2025-02,SUP-AUTO-002,アイシン,137,117,85.4,-6.5,2025-12-04 14:09:48
2025-02,SUP-AUTO-003,ジヤトコ,152,99,65.13,-2.5,2025-12-04 14:09:48
2025-02,SUP-ELEC-001,パナソニックオートモーティブシステムズ,185,143,77.3,-4.6,2025-12-04 14:09:48
2025-02,SUP-ELEC-002,ボッシュ,171,118,69.01,-3.0,2025-12-04 14:09:48
2025-02,SUP-EV-001,CATL,225,168,74.67,-2.9,2025-12-04 14:09:48
2025-02,SUP-EV-002,LGエナジーソリューション,218,130,59.63,-0.4,2025-12-04 14:09:48
2025-02,SUP-EV-003,BYD,261,213,81.61,-5.9,2025-12-04 14:09:48
2025-02,SUP-EXHA-001,フタバ産業,165,127,76.97,-2.9,2025-12-04 14:09:48
2025-02,SUP-EXHA-002,日本発条,167,133,79.64,-4.6,2025-12-04 14:09:48
2025-02,SUP-EXHA-003,日本特殊陶業,197,176,89.34,-6.6,2025-12-04 14:09:48
2025-02,SUP-IND-001,インダストリアル商事,2,0,0.0,,2025-12-04 14:09:48
2025-02,SUP-SUSP-001,ヨロズ,226,198,87.61,-7.7,2025-12-04 14:09:48
2025-02,SUP-SUSP-002,KYB,104,73,70.19,-2.3,2025-12-04 14:09:48
2025-02,SUP-SUSP-003,日立Astemo,193,137,70.98,-2.9,2025-12-04 14:09:48
2025-02,SUP-TEC-001,テックサプライ株式会社,2,0,0.0,,2025-12-04 14:09:48
2025-03,SUP-AMZ-001,アマゾンジャパン合同会社,2,0,0.0,,2025-12-04 14:09:48
2025-03,SUP-AUTO-001,デンソー,323,197,60.99,-0.4,2025-12-04 14:09:48
2025-03,SUP-AUTO-002,アイシン,313,189,60.38,0.8,2025-12-04 14:09:48
2025-03,SUP-AUTO-003,ジヤトコ,283,153,54.06,1.0,2025-12-04 14:09:48
2025-03,SUP-ELEC-001,パナソニックオートモーティブシステムズ,295,157,53.22,2.5,2025-12-04 14:09:48
2025-03,SUP-ELEC-002,ボッシュ,139,87,62.59,0.6,2025-12-04 14:09:48
2025-03,SUP-EV-001,CATL,290,167,57.59,2.2,2025-12-04 14:09:48
2025-03,SUP-EV-002,LGエナジーソリューション,243,156,64.2,-2.3,2025-12-04 14:09:48
2025-03,SUP-EV-003,BYD,226,133,58.85,0.3,2025-12-04 14:09:48
2025-03,SUP-EXHA-001,フタバ産業,250,153,61.2,0.7,2025-12-04 14:09:48
2025-03,SUP-EXHA-002,日本発条,339,194,57.23,0.2,2025-12-04 14:09:48
2025-03,SUP-EXHA-003,日本特殊陶業,385,229,59.48,-0.2,2025-12-04 14:09:48
2025-03,SUP-OFC-001,オフィスマート株式会社,3,0,0.0,,2025-12-04 14:09:48
2025-03,SUP-SUSP-001,ヨロズ,295,172,58.31,1.3,2025-12-04 14:09:48
2025-03,SUP-SUSP-002,KYB,249,138,55.42,0.7,2025-12-04 14:09:48
2025-03,SUP-SUSP-003,日立Astemo,189,96,50.79,3.7,2025-12-04 14:09:48
2025-03,SUP-TEC-001,テックサプライ株式会社,5,0,0.0,,2025-12-04 14:09:48
2025-04,SUP-AMZ-001,アマゾンジャパン合同会社,2,0,0.0,,2025-12-04 14:09:48
2025-04,SUP-AUTO-001,デンソー,93,70,75.27,-3.9,2025-12-04 14:09:48
2025-04,SUP-AUTO-002,アイシン,196,161,82.14,-4.6,2025-12-04 14:09:48
2025-04,SUP-AUTO-003,ジヤトコ,121,66,54.55,-0.1,2025-12-04 14:09:48
2025-04,SUP-ELEC-001,パナソニックオートモーティブシステムズ,121,107,88.43,-5.7,2025-12-04 14:09:48
2025-04,SUP-ELEC-002,ボッシュ,96,62,64.58,-0.7,2025-12-04 14:09:48
2025-04,SUP-EV-001,CATL,170,152,89.41,-5.7,2025-12-04 14:09:48
2025-04,SUP-EV-002,LGエナジーソリューション,36,30,83.33,-7.1,2025-12-04 14:09:48
2025-04,SUP-EV-003,BYD,222,194,87.39,-7.0,2025-12-04 14:09:48
2025-04,SUP-EXHA-001,フタバ産業,179,124,69.27,-2.1,2025-12-04 14:09:48
2025-04,SUP-EXHA-002,日本発条,231,178,77.06,-3.3,2025-12-04 14:09:48
2025-04,SUP-EXHA-003,日本特殊陶業,121,100,82.64,-4.0,2025-12-04 14:09:48
2025-04,SUP-IND-001,インダストリアル商事,1,0,0.0,,2025-12-04 14:09:48
2025-04,SUP-OFC-001,オフィスマート株式会社,3,0,0.0,,2025-12-04 14:09:48
2025-04,SUP-SUSP-001,ヨロズ,156,123,78.85,-5.1,2025-12-04 14:09:48
2025-04,SUP-SUSP-002,KYB,96,43,44.79,3.1,2025-12-04 14:09:48
2025-04,SUP-SUSP-003,日立Astemo,194,146,75.26,-3.6,2025-12-04 14:09:48
2025-04,SUP-TEC-001,テックサプライ株式会社,1,0,0.0,,2025-12-04 14:09:48
2025-05,SUP-AMZ-001,アマゾンジャパン合同会社,4,0,0.0,,2025-12-04 14:09:48
2025-05,SUP-AUTO-001,デンソー,144,105,72.92,-5.1,2025-12-04 14:09:48
2025-05,SUP-AUTO-002,アイシン,194,110,56.7,0.4,2025-12-04 14:09:48
2025-05,SUP-AUTO-003,ジヤトコ,134,89,66.42,-2.9,2025-12-04 14:09:48
2025-05,SUP-ELEC-001,パナソニックオートモーティブシステムズ,207,125,60.39,-1.8,2025-12-04 14:09:48
2025-05,SUP-ELEC-002,ボッシュ,100,71,71.0,-5.1,2025-12-04 14:09:48
2025-05,SUP-EV-001,CATL,216,127,58.8,-0.9,2025-12-04 14:09:48
2025-05,SUP-EV-002,LGエナジーソリューション,101,68,67.33,-5.6,2025-12-04 14:09:48
2025-05,SUP-EV-003,BYD,97,68,70.1,-4.7,2025-12-04 14:09:48
2025-05,SUP-EXHA-001,フタバ産業,217,137,63.13,-2.2,2025-12-04 14:09:48
2025-05,SUP-EXHA-002,日本発条,220,155,70.45,-4.2,2025-12-04 14:09:48
2025-05,SUP-EXHA-003,日本特殊陶業,279,183,65.59,-2.6,2025-12-04 14:09:48
2025-05,SUP-IND-001,インダストリアル商事,2,0,0.0,,2025-12-04 14:09:48
2025-05,SUP-OFC-001,オフィスマート株式会社,2,0,0.0,,2025-12-04 14:09:48
2025-05,SUP-SUSP-001,ヨロズ,251,207,82.47,-7.9,2025-12-04 14:09:48
2025-05,SUP-SUSP-002,KYB,109,56,51.38,0.9,2025-12-04 14:09:48
2025-05,SUP-SUSP-003,日立Astemo,188,117,62.23,-2.6,2025-12-04 14:09:48
2025-05,SUP-TEC-001,テックサプライ株式会社,3,0,0.0,,2025-12-04 14:09:48
2025-06,SUP-AMZ-001,アマゾンジャパン合同会社,2,0,0.0,,2025-12-04 14:09:48
2025-06,SUP-AUTO-001,デンソー,167,120,71.86,-5.2,2025-12-04 14:09:48
2025-06,SUP-AUTO-002,アイシン,174,142,81.61,-7.9,2025-12-04 14:09:48
2025-06,SUP-AUTO-003,ジヤトコ,159,108,67.92,-1.9,2025-12-04 14:09:48
2025-06,SUP-ELEC-001,パナソニックオートモーティブシステムズ,166,121,72.89,-5.2,2025-12-04 14:09:48
2025-06,SUP-ELEC-002,ボッシュ,114,70,61.4,-0.6,2025-12-04 14:09:48
2025-06,SUP-EV-001,CATL,226,165,73.01,-4.1,2025-12-04 14:09:48
2025-06,SUP-EV-002,LGエナジーソリューション,92,58,63.04,-0.8,2025-12-04 14:09:48
2025-06,SUP-EV-003,BYD,203,137,67.49,-2.4,2025-12-04 14:09:48
2025-06,SUP-EXHA-001,フタバ産業,168,140,83.33,-6.6,2025-12-04 14:09:48
2025-06,SUP-EXHA-002,日本発条,173,145,83.82,-8.6,2025-12-04 14:09:48
2025-06,SUP-EXHA-003,日本特殊陶業,159,121,76.1,-7.0,2025-12-04 14:09:48
2025-06,SUP-IND-001,インダストリアル商事,2,0,0.0,,2025-12-04 14:09:48
2025-06,SUP-OFC-001,オフィスマート株式会社,3,0,0.0,,2025-12-04 14:09:48
2025-06,SUP-SUSP-001,ヨロズ,258,204,79.07,-6.7,2025-12-04 14:09:48
2025-06,SUP-SUSP-002,KYB,114,63,55.26,1.5,2025-12-04 14:09:48
2025-06,SUP-SUSP-003,日立Astemo,206,129,62.62,-1.4,2025-12-04 14:09:48
2025-07,SUP-AMZ-001,アマゾンジャパン合同会社,4,0,0.0,,2025-12-04 14:09:48
2025-07,SUP-AUTO-001,デンソー,255,158,61.96,2.2,2025-12-04 14:09:48
2025-07,SUP-AUTO-002,アイシン,185,122,65.95,0.5,2025-12-04 14:09:48
2025-07,SUP-AUTO-003,ジヤトコ,130,78,60.0,0.0,2025-12-04 14:09:48
2025-07,SUP-ELEC-001,パナソニックオートモーティブシステムズ,131,75,57.25,3.8,2025-12-04 14:09:48
2025-07,SUP-ELEC-002,ボッシュ,150,76,50.67,3.9,2025-12-04 14:09:48
2025-07,SUP-EV-001,CATL,202,121,59.9,0.0,2025-12-04 14:09:48
2025-07,SUP-EV-002,LGエナジーソリューション,200,112,56.0,0.3,2025-12-04 14:09:48
2025-07,SUP-EV-003,BYD,166,112,67.47,1.8,2025-12-04 14:09:48
2025-07,SUP-EXHA-001,フタバ産業,151,80,52.98,3.0,2025-12-04 14:09:48
2025-07,SUP-EXHA-002,日本発条,211,123,58.29,0.9,2025-12-04 14:09:48
2025-07,SUP-EXHA-003,日本特殊陶業,197,116,58.88,1.6,2025-12-04 14:09:48
2025-07,SUP-IND-001,インダストリアル商事,4,0,0.0,,2025-12-04 14:09:48
2025-07,SUP-SUSP-001,ヨロズ,207,136,65.7,2.6,2025-12-04 14:09:48
2025-07,SUP-SUSP-002,KYB,160,120,75.0,-4.3,2025-12-04 14:09:48
2025-07,SUP-SUSP-003,日立Astemo,249,161,64.66,1.0,2025-12-04 14:09:48
2025-07,SUP-TEC-001,テックサプライ株式会社,4,0,0.0,,2025-12-04 14:09:48
2025-08,SUP-AMZ-001,アマゾンジャパン合同会社,3,0,0.0,,2025-12-04 14:09:48
2025-08,SUP-AUTO-001,デンソー,184,143,77.72,-0.2,2025-12-04 14:09:48
2025-08,SUP-AUTO-002,アイシン,166,107,64.46,1.6,2025-12-04 14:09:48
2025-08,SUP-AUTO-003,ジヤトコ,136,59,43.38,3.1,2025-12-04 14:09:48
2025-08,SUP-ELEC-001,パナソニックオートモーティブシステムズ,192,140,72.92,-1.2,2025-12-04 14:09:48
2025-08,SUP-ELEC-002,ボッシュ,114,53,46.49,2.6,2025-12-04 14:09:48
2025-08,SUP-EV-001,CATL,165,93,56.36,2.4,2025-12-04 14:09:48
2025-08,SUP-EV-002,LGエナジーソリューション,103,44,42.72,3.4,2025-12-04 14:09:48
2025-08,SUP-EV-003,BYD,190,128,67.37,-1.4,2025-12-04 14:09:48
2025-08,SUP-EXHA-001,フタバ産業,214,144,67.29,0.9,2025-12-04 14:09:48
2025-08,SUP-EXHA-002,日本発条,140,86,61.43,0.5,2025-12-04 14:09:48
2025-08,SUP-EXHA-003,日本特殊陶業,186,145,77.96,-1.4,2025-12-04 14:09:48
2025-08,SUP-OFC-001,オフィスマート株式会社,2,0,0.0,,2025-12-04 14:09:48
2025-08,SUP-SUSP-001,ヨロズ,197,95,48.22,3.7,2025-12-04 14:09:48
2025-08,SUP-SUSP-002,KYB,136,60,44.12,2.2,2025-12-04 14:09:48
2025-08,SUP-SUSP-003,日立Astemo,127,79,62.2,2.7,2025-12-04 14:09:48
2025-08,SUP-TEC-001,テックサプライ株式会社,6,0,0.0,,2025-12-04 14:09:48
2025-09,SUP-AMZ-001,アマゾンジャパン合同会社,6,0,0.0,,2025-12-04 14:09:48
2025-09,SUP-AUTO-001,デンソー,218,134,61.47,1.1,2025-12-04 14:09:48
2025-09,SUP-AUTO-002,アイシン,150,89,59.33,-0.5,2025-12-04 14:09:48
2025-09,SUP-AUTO-003,ジヤトコ,153,78,50.98,1.5,2025-12-04 14:09:48
2025-09,SUP-ELEC-001,パナソニックオートモーティブシステムズ,274,188,68.61,-1.4,2025-12-04 14:09:48
2025-09,SUP-ELEC-002,ボッシュ,172,97,56.4,1.8,2025-12-04 14:09:48
2025-09,SUP-EV-001,CATL,191,115,60.21,-0.5,2025-12-04 14:09:48
2025-09,SUP-EV-002,LGエナジーソリューション,154,78,50.65,2.7,2025-12-04 14:09:48
2025-09,SUP-EV-003,BYD,283,179,63.25,-0.7,2025-12-04 14:09:48
2025-09,SUP-EXHA-001,フタバ産業,271,174,64.21,-0.5,2025-12-04 14:09:48
2025-09,SUP-EXHA-002,日本発条,202,133,65.84,-1.4,2025-12-04 14:09:48
2025-09,SUP-EXHA-003,日本特殊陶業,171,122,71.35,-2.1,2025-12-04 14:09:48
2025-09,SUP-SUSP-001,ヨロズ,186,138,74.19,-2.5,2025-12-04 14:09:48
2025-09,SUP-SUSP-002,KYB,124,57,45.97,3.2,2025-12-04 14:09:48
2025-09,SUP-SUSP-003,日立Astemo,228,146,64.04,-0.4,2025-12-04 14:09:48
2025-09,SUP-TEC-001,テックサプライ株式会社,4,0,0.0,,2025-12-04 14:09:48
2025-10,SUP-AMZ-001,アマゾンジャパン合同会社,6,0,0.0,,2025-12-04 14:09:48
2025-10,SUP-AUTO-001,デンソー,183,152,83.06,-5.3,2025-12-04 14:09:48
2025-10,SUP-AUTO-002,アイシン,118,94,79.66,-3.0,2025-12-04 14:09:48
2025-10,SUP-AUTO-003,ジヤトコ,46,31,67.39,-3.4,2025-12-04 14:09:48
2025-10,SUP-ELEC-001,パナソニックオートモーティブシステムズ,234,179,76.5,-1.5,2025-12-04 14:09:48
2025-10,SUP-ELEC-002,ボッシュ,96,81,84.38,-8.1,2025-12-04 14:09:48
2025-10,SUP-EV-001,CATL,157,139,88.54,-5.7,2025-12-04 14:09:48
2025-10,SUP-EV-002,LGエナジーソリューション,81,62,76.54,-5.2,2025-12-04 14:09:48
2025-10,SUP-EV-003,BYD,185,145,78.38,-3.3,2025-12-04 14:09:48
2025-10,SUP-EXHA-001,フタバ産業,236,182,77.12,-4.0,2025-12-04 14:09:48
2025-10,SUP-EXHA-002,日本発条,174,133,76.44,-2.0,2025-12-04 14:09:48
2025-10,SUP-EXHA-003,日本特殊陶業,185,161,87.03,-3.9,2025-12-04 14:09:48
2025-10,SUP-IND-001,インダストリアル商事,3,0,0.0,,2025-12-04 14:09:48
2025-10,SUP-OFC-001,オフィスマート株式会社,2,0,0.0,,2025-12-04 14:09:48
2025-10,SUP-SUSP-001,ヨロズ,256,227,88.67,-7.7,2025-12-04 14:09:48
2025-10,SUP-SUSP-002,KYB,158,108,68.35,-1.0,2025-12-04 14:09:48
2025-10,SUP-SUSP-003,日立Astemo,144,107,74.31,-2.5,2025-12-04 14:09:48
2025-11,SUP-AMZ-001,アマゾンジャパン合同会社,2,0,0.0,,2025-12-04 14:09:48
2025-11,SUP-AUTO-001,デンソー,216,129,59.72,0.7,2025-12-04 14:09:48
2025-11,SUP-AUTO-002,アイシン,261,136,52.11,3.4,2025-12-04 14:09:48
2025-11,SUP-AUTO-003,ジヤトコ,137,68,49.64,2.6,2025-12-04 14:09:48
2025-11,SUP-ELEC-001,パナソニックオートモーティブシステムズ,206,97,47.09,4.3,2025-12-04 14:09:48
2025-11,SUP-ELEC-002,ボッシュ,169,92,54.44,0.6,2025-12-04 14:09:48
2025-11,SUP-EV-001,CATL,247,144,58.3,2.4,2025-12-04 14:09:48
2025-11,SUP-EV-002,LGエナジーソリューション,131,84,64.12,0.1,2025-12-04 14:09:48
2025-11,SUP-EV-003,BYD,150,108,72.0,-1.5,2025-12-04 14:09:48
2025-11,SUP-EXHA-001,フタバ産業,174,99,56.9,2.3,2025-12-04 14:09:48
2025-11,SUP-EXHA-002,日本発条,226,169,74.78,-1.4,2025-12-04 14:09:48
2025-11,SUP-EXHA-003,日本特殊陶業,151,82,54.3,3.1,2025-12-04 14:09:48
2025-11,SUP-OFC-001,オフィスマート株式会社,2,0,0.0,,2025-12-04 14:09:48
2025-11,SUP-SUSP-001,ヨロズ,253,125,49.41,4.6,2025-12-04 14:09:48
2025-11,SUP-SUSP-002,KYB,155,66,42.58,4.4,2025-12-04 14:09:48
2025-11,SUP-SUSP-003,日立Astemo,242,99,40.91,5.8,2025-12-04 14:09:48
2025-11,SUP-TEC-001,テックサプライ株式会社,4,0,0.0,,2025-12-04 14:09:48
2025-12,SUP-AMZ-001,アマゾンジャパン合同会社,3,0,0.0,,2025-12-04 14:09:48
2025-12,SUP-AUTO-001,デンソー,4,2,50.0,0.5,2025-12-04 14:09:48
2025-12,SUP-AUTO-002,アイシン,4,4,100.0,-1.5,2025-12-04 14:09:48
2025-12,SUP-AUTO-003,ジヤトコ,6,5,83.33,0.2,2025-12-04 14:09:48
2025-12,SUP-ELEC-001,パナソニックオートモーティブシステムズ,2,2,100.0,-2.0,2025-12-04 14:09:48
2025-12,SUP-ELEC-002,ボッシュ,2,2,100.0,-1.0,2025-12-04 14:09:48
2025-12,SUP-EV-001,CATL,2,2,100.0,0.0,2025-12-04 14:09:48
2025-12,SUP-EV-002,LGエナジーソリューション,2,2,100.0,0.0,2025-12-04 14:09:48
2025-12,SUP-EV-003,BYD,10,10,100.0,-0.8,2025-12-04 14:09:48
2025-12,SUP-EXHA-002,日本発条,6,4,66.67,5.0,2025-12-04 14:09:48
2025-12,SUP-EXHA-003,日本特殊陶業,6,6,100.0,-1.7,2025-12-04 14:09:48
2025-12,SUP-IND-001,インダストリアル商事,2,0,0.0,,2025-12-04 14:09:48
2025-12,SUP-OFC-001,オフィスマート株式会社,2,0,0.0,,2025-12-04 14:09:48
2025-12,SUP-SUSP-002,KYB,2,1,50.0,4.5,2025-12-04 14:09:48
2025-12,SUP-SUSP-003,日立Astemo,4,4,100.0,-3.5,2025-12-04 14:09:48
2025-12,SUP-TEC-001,テックサプライ株式会社,2,0,0.0,,2025-12-04 14:09:48
